Name,Age,Email,Salary,Department,Date,City
William Campbell,40.0,william.campbell@company.com,67538.0,Marketing,2024-05-01,Detroit
Stephen Morris,59.0,stephen.morris@company.com,61403.0,Finance,2023-07-21,Houston
Kenneth Castillo,44.0,kenneth.castillo@company.com,71773.0,Marketing,2023-02-10,Pittsburgh
Patricia Sanchez,51.0,patricia.sanchez@company.com,75937.0,Engineering,2023-08-20,Memphis
Jason Diaz,64.0,jason.diaz@company.com,109322.0,Engineering,2023-03-05,New York
Lisa Wright,33.0,lisa.wright@company.com,64279.0,Operations,2023-11-11,Denver
Kimberly Gray,39.0,kimberly.gray@company.com,100080.0,Operations,2023-12-08,San Antonio
Melissa Price,42.0,melissa.price@company.com,109041.0,Operations,2023-03-23,Baltimore
Margaret Campbell,40.0,margaret.campbell@company.com,92092.0,Operations,2023-07-29,Boston
Deborah Miller,25.0,deborah.miller@company.com,45550.0,Sales,2024-03-13,Fort Worth
Rebecca Hill,40.0,rebecca.hill@company.com,75270.0,Customer Support,2023-06-07,Baltimore
Elizabeth Rodriguez,37.0,elizabeth.rodriguez@company.com,80874.0,Marketing,2023-04-10,San Jose
Alexander Patel,40.0,alexander.patel@company.com,92171.0,Engineering,2023-09-20,Portland
Sarah White,26.0,sarah.white@company.com,64851.0,IT,2023-12-20,Pittsburgh
Stephen Green,30.0,stephen.green@company.com,37242.0,IT,2023-05-05,San Antonio
Scott Rodriguez,42.0,scott.rodriguez@company.com,48650.0,Operations,2023-02-14,Chicago
Gary King,53.0,gary.king@company.com,97076.0,Marketing,2024-10-29,San Antonio
Jason Kim,49.0,jason.kim@company.com,81668.0,Operations,2023-02-21,Chicago
Sarah Williams,33.0,sarah.williams@company.com,72245.0,Finance,2024-04-22,Austin
James Cruz,41.0,james.cruz@company.com,47310.0,IT,2023-10-23,Fort Worth
Betty Hill,54.0,betty.hill@company.com,92397.0,HR,2023-05-05,Columbus
Edward Howard,41.0,edward.howard@company.com,71079.0,IT,2024-03-29,Portland
Kimberly Patel,27.0,kimberly.patel@company.com,42739.0,HR,2023-02-11,Baltimore
  Katherine Kim  ,36.0,katherine.kim@company.com,65482.0,Sales,2024-02-15,Minneapolis
Helen Scott,57.0,helen.scott@company.com,115997.0,Engineering,2023-10-08,Jacksonville
  Jeffrey Bailey  ,56.0,jeffrey.bailey@company.com,73348.0,Operations,2024-04-02,Memphis
William Watson,52.0,william.watson@company.com,55062.0,Customer Support,2023-11-30,Cleveland
Jason Anderson,58.0,jason.anderson@company.com,115289.0,Engineering,2024-07-14,Denver
Justin Turner,36.0,justin.turner@company.com,44536.0,Operations,2023-06-21,Cleveland
Ashley Bennett,28.0,ashley.bennett@company.com,61536.0,Sales,2023-05-29,Jacksonville
John Chavez,62.0,john.chavez@company.com,69163.0,Finance,2023-05-19,New York
Stephen Parker,46.0,stephen.parker@company.com,82706.0,Operations,2024-08-11,Denver
Gregory Wood,42.0,gregory.wood@company.com,42419.0,Sales,2024-09-24,Cleveland
Brandon Rogers,61.0,brandon.rogers@company.com,60984.0,Engineering,2023-07-10,Philadelphia
Janet Ramos,60.0,janet.ramos@company.com,50944.0,Operations,2023-08-14,San Jose
Mark Patel,48.0,mark.patel@company.com,80459.0,Customer Support,2024-06-16,Pittsburgh
Jonathan Kim,61.0,jonathan.kim@company.com,43493.0,Customer Support,2023-12-31,Jacksonville
Samantha Morales,59.0,samantha.morales@company.com,82775.0,Operations,2023-11-15,San Antonio
Sarah Miller,58.0,sarah.miller@company.com,115552.0,Operations,2023-09-04,Phoenix
Ryan King,54.0,ryan.king@company.com,88835.0,IT,2024-12-05,San Antonio
Matthew Morris,43.0,matthew.morris@company.com,81644.0,Engineering,2024-04-03,New Orleans
Kevin Ruiz,37.0,kevin.ruiz@company.com,42539.0,Finance,2023-03-12,Miami
Rachel Hall,62.0,rachel.hall@company.com,103002.0,IT,2024-10-07,San Jose
Shirley Moore,29.0,shirley.moore@company.com,104815.0,Engineering,2024-06-24,Baltimore
Linda Cooper,49.0,linda.cooper@company.com,70645.0,Operations,2023-04-01,Portland
Mark Thompson,28.0,mark.thompson@company.com,65226.0,Operations,2023-11-14,Tampa
Scott Bailey,46.0,scott.bailey@company.com,106123.0,Engineering,2024-10-27,San Diego
Donald Thomas,57.0,donald.thomas@company.com,84930.0,HR,2024-11-03,Denver
Samantha Williams,33.0,samantha.williams@company.com,87858.0,Marketing,2024-06-17,San Diego
Linda Sanders,29.0,linda.sanders@company.com,89492.0,Engineering,2023-05-01,Tampa
Pamela Kelly,37.0,pamela.kelly@company.com,54966.0,IT,2023-09-22,Baltimore
Samuel Adams,31.0,samuel.adams@company.com,83120.0,Marketing,2024-04-29,Boston
Mark Rodriguez,56.0,mark.rodriguez@company.com,40552.0,Sales,2023-10-19,San Jose
Larry Kim,43.0,larry.kim@company.com,115166.0,IT,2023-11-16,Charlotte
Heather Hernandez,37.0,heather.hernandez@company.com,112081.0,Marketing,2024-09-03,Miami
Stephen Wilson,36.0,stephen.wilson@company.com,79744.0,Engineering,2024-12-04,Jacksonville
Kathleen Robinson,41.0,kathleen.robinson@company.com,68933.0,Customer Support,2023-01-23,Tampa
Jack Moore,33.0,jack.moore@company.com,37027.0,Customer Support,2023-10-15,Tampa
Benjamin Anderson,44.0,benjamin.anderson@company.com,44562.0,Engineering,2023-12-05,Columbus
Mary Wilson,42.0,mary.wilson@company.com,97073.0,Customer Support,2024-06-02,Baltimore
Christopher Watson,42.0,christopher.watson@company.com,61108.0,IT,2023-11-20,Phoenix
Donald Castillo,65.0,donald.castillo@company.com,55921.0,HR,2024-03-18,New York
Andrew Thomas,58.0,andrew.thomas@company.com,88922.0,IT,2024-06-15,Jacksonville
Frank Wilson,43.0,frank.wilson@company.com,68396.0,Finance,2023-10-13,Los Angeles
,,,,,,
William Cruz,55.0,william.cruz@company.com,116161.0,Engineering,2023-11-23,Denver
  Samantha Patel  ,25.0,samantha.patel@company.com,115657.0,Finance,2024-08-26,New Orleans
Laura Brooks,48.0,laura.brooks@company.com,56082.0,HR,2023-05-25,Indianapolis
Patricia Turner,55.0,patricia.turner@company.com,56978.0,IT,2023-10-09,Nashville
  Emma Harris  ,40.0,emma.harris@company.com,85314.0,Finance,2024-07-14,Boston
  Lisa Brown  ,39.0,lisa.brown@company.com,105582.0,IT,2024-03-07,Los Angeles
Laura Hall,32.0,laura.hall@company.com,93360.0,Marketing,2023-03-14,Cleveland
Deborah Peterson,39.0,deborah.peterson@company.com,80359.0,IT,2023-06-18,Chicago
  Rachel King  ,47.0,rachel.king@company.com,115131.0,Sales,2023-10-17,Austin
  Brian Wright  ,31.0,brian.wright@company.com,103338.0,IT,2023-05-28,San Antonio
Elizabeth Gonzalez,64.0,elizabeth.gonzalez@company.com,75692.0,Engineering,2024-05-24,New York
Heather Ward,46.0,heather.ward@company.com,105590.0,Customer Support,2023-04-18,Indianapolis
Karen Campbell,60.0,karen.campbell@company.com,111360.0,Engineering,2024-08-20,Atlanta
Brandon Ramos,50.0,brandon.ramos@company.com,89559.0,Engineering,2023-11-08,San Antonio
Ryan Murphy,54.0,ryan.murphy@company.com,60858.0,Operations,2024-05-29,Boston
Katherine Patel,37.0,katherine.patel@company.com,60888.0,Finance,2024-04-24,Cleveland
  Dennis Lopez  ,24.0,dennis.lopez@company.com,88962.0,Engineering,2023-09-09,New York
Brenda Thomas,42.0,brenda.thomas@company.com,40248.0,Sales,2023-01-05,Houston
George Ward,45.0,george.ward@company.com,114444.0,Sales,2023-09-06,San Jose
Robert Allen,64.0,robert.allen@company.com,95005.0,Finance,2024-04-14,Atlanta
Mark Flores,40.0,mark.flores@company.com,70337.0,Finance,2024-03-01,Detroit
Matthew Robinson,60.0,matthew.robinson@company.com,64976.0,Operations,2024-09-17,New Orleans
Janet Phillips,32.0,janet.phillips@company.com,102471.0,Operations,2023-03-01,Fort Worth
Larry Mendoza,31.0,larry.mendoza@company.com,43373.0,HR,2023-01-02,Indianapolis
David Thompson,38.0,david.thompson@company.com,81780.0,HR,2023-03-17,Denver
Barbara Baker,62.0,barbara.baker@company.com,79917.0,Engineering,2023-03-28,San Jose
  Nancy Castillo  ,48.0,nancy.castillo@company.com,77823.0,Finance,2023-05-12,Miami
Helen Cox,32.0,helen.cox@company.com,111246.0,Marketing,2024-07-15,Minneapolis
Anna Alvarez,45.0,anna.alvarez@company.com,64141.0,HR,2024-02-16,Baltimore
Nicole Campbell,40.0,nicole.campbell@company.com,54973.0,Finance,2023-03-15,Los Angeles
Ashley Gray,37.0,ashley.gray@company.com,50881.0,Finance,2023-12-28,Fort Worth
Rebecca James,42.0,rebecca.james@company.com,53108.0,Marketing,2023-05-25,Denver
Amanda Bailey,63.0,amanda.bailey@company.com,77625.0,IT,2024-02-20,Columbus
Robert Murphy,38.0,robert.murphy@company.com,91615.0,Sales,2023-04-07,Cleveland
Debra Collins,60.0,debra.collins@company.com,43490.0,Customer Support,2023-02-27,Phoenix
Diane Peterson,42.0,diane.peterson@company.com,48477.0,Operations,2024-06-11,Memphis
Charles Chavez,40.0,charles.chavez@company.com,91551.0,Customer Support,2023-05-29,Fort Worth
Scott Richardson,23.0,scott.richardson@company.com,81218.0,HR,2023-11-23,Boston
David Watson,48.0,david.watson@company.com,68082.0,Finance,2024-02-25,Denver
Brandon Johnson,27.0,brandon.johnson@company.com,90921.0,Sales,2023-03-19,New Orleans
Jerry Reed,61.0,jerry.reed@company.com,49873.0,HR,2023-12-06,Jacksonville
David Roberts,27.0,david.roberts@company.com,65381.0,HR,2023-11-18,New York
Jason Cruz,38.0,jason.cruz@company.com,77888.0,HR,2024-02-15,Charlotte
  Kathleen Turner  ,63.0,kathleen.turner@company.com,107652.0,IT,2024-01-07,New York
Linda Roberts,57.0,linda.roberts@company.com,107550.0,HR,2023-08-17,Phoenix
Christopher Anderson,39.0,christopher.anderson@company.com,103654.0,Sales,2023-10-03,Atlanta
Linda Nelson,33.0,linda.nelson@company.com,84376.0,Engineering,2023-04-14,San Jose
Justin Reyes,46.0,justin.reyes@company.com,105548.0,Operations,2023-09-08,San Francisco
Jessica Ruiz,56.0,jessica.ruiz@company.com,54902.0,IT,2023-04-29,Miami
Shirley Clark,64.0,shirley.clark@company.com,119612.0,IT,2024-04-12,San Diego
Dennis Nelson,25.0,dennis.nelson@company.com,91223.0,Operations,2023-01-25,Miami
Dorothy Jackson,22.0,dorothy.jackson@company.com,101597.0,Customer Support,2024-10-26,Baltimore
Brenda Murphy,65.0,brenda.murphy@company.com,88239.0,Sales,2023-09-23,Denver
Charles Carter,34.0,charles.carter@company.com,50565.0,Customer Support,2024-12-10,Philadelphia
Joseph Hill,42.0,joseph.hill@company.com,39118.0,Customer Support,2024-11-24,Fort Worth
Timothy Ruiz,36.0,timothy.ruiz@company.com,42228.0,Finance,2024-05-24,Phoenix
Carol Chavez,37.0,carol.chavez@company.com,40843.0,Customer Support,2024-12-14,Dallas
Steven Mendoza,29.0,steven.mendoza@company.com,49576.0,Marketing,2023-02-15,Atlanta
Joseph Johnson,24.0,joseph.johnson@company.com,87299.0,Operations,2023-07-02,Columbus
James Martinez,28.0,james.martinez@company.com,76810.0,Finance,2024-06-02,San Francisco
Charles Wright,42.0,charles.wright@company.com,35000.0,Finance,2023-10-03,Pittsburgh
Joseph Allen,63.0,joseph.allen@company.com,85642.0,Operations,2024-02-07,San Diego
Karen Wilson,47.0,karen.wilson@company.com,92144.0,HR,2023-09-21,San Jose
Jennifer Collins,56.0,jennifer.collins@company.com,54117.0,Finance,2024-05-14,Chicago
Andrew Allen,47.0,andrew.allen@company.com,80647.0,Operations,2024-05-11,Cleveland
James Hernandez,34.0,james.hernandez@company.com,67567.0,Sales,2024-09-26,Pittsburgh
Jennifer Clark,63.0,jennifer.clark@company.com,51100.0,IT,2023-09-24,Charlotte
  Catherine Ramirez  ,46.0,catherine.ramirez@company.com,40126.0,Operations,2024-02-28,Columbus
Patrick Cook,22.0,patrick.cook@company.com,117025.0,Finance,2023-02-11,Houston
Debra Clark,33.0,debra.clark@company.com,36441.0,Finance,2023-04-12,Atlanta
Edward Lopez,43.0,edward.lopez@company.com,50531.0,HR,2024-08-11,Austin
Samuel Adams,25.0,samuel.adams@company.com,104558.0,Marketing,2024-01-14,Baltimore
  Sharon Chavez  ,59.0,sharon.chavez@company.com,45883.0,Marketing,2023-03-02,Chicago
Shirley Ortiz,53.0,shirley.ortiz@company.com,68446.0,Customer Support,2023-02-14,Memphis
George Sanchez,33.0,george.sanchez@company.com,46674.0,IT,2023-01-25,Boston
Matthew Howard,29.0,matthew.howard@company.com,48543.0,Operations,2023-02-22,New Orleans
Kenneth Diaz,38.0,kenneth.diaz@company.com,76190.0,IT,2023-05-08,Philadelphia
Betty Morris,33.0,betty.morris@company.com,38873.0,Marketing,2024-01-24,San Francisco
Frank Lee,33.0,frank.lee@company.com,81962.0,IT,2024-02-29,Cleveland
Jennifer Martinez,26.0,jennifer.martinez@company.com,74588.0,Sales,2023-04-23,Nashville
Carolyn Lee,59.0,carolyn.lee@company.com,117620.0,HR,2023-02-15,Cleveland
Angela Hill,36.0,angela.hill@company.com,52144.0,HR,2024-09-25,Denver
Michael Campbell,36.0,michael.campbell@company.com,69323.0,Engineering,2023-11-27,Cleveland
James Davis,45.0,james.davis@company.com,69058.0,Customer Support,2023-12-30,Austin
Mary King,44.0,mary.king@company.com,104696.0,Customer Support,2024-11-10,Memphis
Thomas Nelson,30.0,thomas.nelson@company.com,74916.0,Sales,2024-06-09,San Francisco
Sharon King,49.0,sharon.king@company.com,60583.0,HR,2023-12-22,Miami
Eric Ramos,51.0,eric.ramos@company.com,101663.0,Customer Support,2024-01-16,Tampa
Thomas Rivera,24.0,thomas.rivera@company.com,88627.0,Engineering,2023-01-30,Cleveland
Stephen Campbell,59.0,stephen.campbell@company.com,58991.0,HR,2024-10-11,Detroit
Edward Martin,50.0,edward.martin@company.com,40129.0,Marketing,2023-03-10,San Antonio
Jerry Thompson,41.0,jerry.thompson@company.com,53418.0,Engineering,2023-12-18,Memphis
Andrew Reyes,27.0,andrew.reyes@company.com,83221.0,HR,2024-04-23,Indianapolis
Daniel Ortiz,59.0,daniel.ortiz@company.com,112422.0,Finance,2024-06-09,Baltimore
Karen Diaz,63.0,karen.diaz@company.com,93283.0,IT,2023-09-23,Charlotte
Deborah Lopez,57.0,deborah.lopez@company.com,66662.0,Sales,2024-01-24,Baltimore
Lisa Murphy,32.0,lisa.murphy@company.com,88812.0,Operations,2024-01-26,Pittsburgh
Joseph Hall,41.0,joseph.hall@company.com,74184.0,HR,2023-05-03,Dallas
  Shirley James  ,49.0,shirley.james@company.com,105681.0,Sales,2023-05-06,Baltimore
Paul Gomez,47.0,paul.gomez@company.com,118235.0,Engineering,2023-10-14,Jacksonville
Barbara Ward,43.0,barbara.ward@company.com,54015.0,Sales,2023-10-08,Houston
Emma White,51.0,emma.white@company.com,86867.0,Operations,2024-08-13,Minneapolis
  Jeffrey Richardson  ,59.0,jeffrey.richardson@company.com,73174.0,Finance,2023-09-26,San Diego
Dorothy Ruiz,45.0,dorothy.ruiz@company.com,38936.0,Finance,2024-08-31,Jacksonville
Emma Chavez,44.0,emma.chavez@company.com,70307.0,Marketing,2024-08-21,Cleveland
Angela Harris,30.0,angela.harris@company.com,73498.0,Sales,2023-05-19,San Jose
Brandon Morales,35.0,brandon.morales@company.com,61768.0,Finance,2024-10-16,San Francisco
Heather Martin,39.0,heather.martin@company.com,56349.0,HR,2024-09-01,Denver
Alexander Jackson,42.0,alexander.jackson@company.com,99770.0,Engineering,2024-10-26,Baltimore
Daniel Collins,59.0,daniel.collins@company.com,52308.0,Operations,2023-09-16,Chicago
  Mark Watson  ,32.0,mark.watson@company.com,110408.0,HR,2023-08-01,Cleveland
Stephen Perez,54.0,stephen.perez@company.com,37571.0,Operations,2023-06-15,Charlotte
Eric Alvarez,45.0,eric.alvarez@company.com,87070.0,Marketing,2023-10-31,Boston
Helen Alvarez,42.0,helen.alvarez@company.com,44243.0,Finance,2023-06-20,Cleveland
Betty Green,51.0,betty.green@company.com,63190.0,HR,2024-07-06,Pittsburgh
Timothy Edwards,54.0,timothy.edwards@company.com,100054.0,Finance,2024-04-05,Denver
Larry Watson,50.0,larry.watson@company.com,59762.0,HR,2024-01-16,San Diego
Amy Parker,42.0,amy.parker@company.com,49850.0,Engineering,2024-02-05,Los Angeles
Nicholas Brown,62.0,nicholas.brown@company.com,94407.0,Marketing,2023-11-20,Columbus
Robert Sanders,56.0,robert.sanders@company.com,83059.0,Finance,2023-01-22,San Francisco
Jessica Lee,48.0,jessica.lee@company.com,85801.0,Finance,2024-12-03,Los Angeles
Eric Cooper,27.0,eric.cooper@company.com,69784.0,HR,2023-10-09,Chicago
Janet Myers,57.0,janet.myers@company.com,98218.0,IT,2024-09-18,Dallas
Eric Cruz,51.0,eric.cruz@company.com,90831.0,Sales,2024-07-01,Portland
Jack Torres,30.0,jack.torres@company.com,41926.0,Customer Support,2023-04-21,Miami
Lisa White,35.0,lisa.white@company.com,37789.0,HR,2024-08-10,Baltimore
Barbara Ramirez,61.0,barbara.ramirez@company.com,45091.0,Customer Support,2024-06-19,San Diego
Heather Cook,27.0,heather.cook@company.com,46955.0,Finance,2023-09-22,Nashville
Mark Ruiz,55.0,mark.ruiz@company.com,101832.0,Finance,2023-10-21,Columbus
Paul Lee,37.0,paul.lee@company.com,101259.0,Engineering,2023-07-31,Houston
Larry Martin,43.0,larry.martin@company.com,108312.0,Sales,2024-08-15,Charlotte
Maria Rodriguez,39.0,maria.rodriguez@company.com,110534.0,Operations,2023-04-07,Indianapolis
Sandra Hall,24.0,sandra.hall@company.com,55351.0,HR,2023-01-09,Los Angeles
Catherine Bennett,55.0,catherine.bennett@company.com,74310.0,Engineering,2024-10-23,Houston
Cynthia Bailey,30.0,cynthia.bailey@company.com,51796.0,HR,2024-09-10,Phoenix
Ryan Hernandez,58.0,ryan.hernandez@company.com,46550.0,Operations,2023-01-20,Seattle
Jonathan Phillips,53.0,jonathan.phillips@company.com,119736.0,Marketing,2023-11-25,Seattle
Raymond Alvarez,53.0,raymond.alvarez@company.com,42183.0,IT,2023-09-10,Dallas
Jacob Garcia,42.0,jacob.garcia@company.com,41305.0,Sales,2023-05-02,Miami
Brandon Robinson,60.0,brandon.robinson@company.com,110986.0,HR,2023-02-01,Atlanta
Carolyn Allen,25.0,carolyn.allen@company.com,91028.0,Marketing,2024-09-23,Jacksonville
Amy Bailey,53.0,amy.bailey@company.com,47106.0,Operations,2024-09-21,Memphis
Melissa King,24.0,melissa.king@company.com,50949.0,Marketing,2024-03-31,Tampa
,,,,,,
  Katherine Jackson  ,64.0,katherine.jackson@company.com,96025.0,Finance,2024-12-03,Nashville
James Bennett,36.0,james.bennett@company.com,92811.0,Customer Support,2023-09-27,Houston
Frank Wilson,39.0,frank.wilson@company.com,97946.0,Engineering,2024-06-23,Miami
Ronald Cruz,45.0,ronald.cruz@company.com,83761.0,HR,2023-02-12,Minneapolis
Kathleen Anderson,60.0,kathleen.anderson@company.com,38277.0,HR,2024-05-02,Columbus
Jacob Patel,37.0,jacob.patel@company.com,111606.0,IT,2023-09-24,Minneapolis
Brandon Nguyen,48.0,brandon.nguyen@company.com,117488.0,Finance,2024-09-11,Dallas
Diane Ortiz,27.0,diane.ortiz@company.com,70442.0,Finance,2024-11-23,Tampa
Edward Thomas,56.0,edward.thomas@company.com,118885.0,Sales,2023-07-16,Columbus
Barbara Gomez,64.0,barbara.gomez@company.com,64364.0,HR,2024-09-09,Philadelphia
Alexander Lewis,28.0,alexander.lewis@company.com,97764.0,IT,2024-08-25,Fort Worth
Shirley Garcia,31.0,shirley.garcia@company.com,40748.0,Sales,2023-01-31,Atlanta
Betty Robinson,36.0,betty.robinson@company.com,45399.0,Marketing,2023-04-28,San Francisco
Dennis Hernandez,25.0,dennis.hernandez@company.com,64072.0,Finance,2024-07-25,Phoenix
Gregory Harris,42.0,gregory.harris@company.com,81703.0,Operations,2023-02-06,Tampa
Amy Wright,38.0,amy.wright@company.com,96892.0,Operations,2024-08-29,Atlanta
Anthony Bailey,23.0,anthony.bailey@company.com,89715.0,IT,2023-12-24,Seattle
Jerry Martin,33.0,jerry.martin@company.com,36857.0,Customer Support,2024-09-19,Los Angeles
Matthew Reed,29.0,matthew.reed@company.com,109403.0,Marketing,2023-01-23,Fort Worth
Brandon Ward,38.0,brandon.ward@company.com,107502.0,Sales,2024-11-12,Austin
Melissa Clark,33.0,melissa.clark@company.com,106636.0,HR,2024-09-11,Nashville
Nancy Campbell,35.0,nancy.campbell@company.com,39464.0,Sales,2024-08-14,Boston
Scott Rodriguez,42.0,scott.rodriguez@company.com,48650.0,Operations,2023-02-14,Chicago
Andrew Morales,28.0,andrew.morales@company.com,94935.0,Operations,2023-04-22,Fort Worth
William Ward,28.0,william.ward@company.com,41958.0,HR,2023-03-05,Houston
Ronald Robinson,55.0,ronald.robinson@company.com,45985.0,Marketing,2024-09-18,Atlanta
Timothy Bailey,28.0,timothy.bailey@company.com,71957.0,HR,2023-02-24,Indianapolis
Melissa Cruz,57.0,melissa.cruz@company.com,82899.0,IT,2023-04-22,San Diego
Brian Taylor,42.0,brian.taylor@company.com,104258.0,Engineering,2024-10-17,Phoenix
Daniel Watson,46.0,daniel.watson@company.com,97653.0,Operations,2024-04-15,Chicago
Gary Cooper,25.0,gary.cooper@company.com,49732.0,HR,2024-04-09,Los Angeles
Diane Rogers,54.0,diane.rogers@company.com,63274.0,Sales,2024-06-11,Chicago
Gregory Cruz,33.0,gregory.cruz@company.com,116979.0,Customer Support,2023-01-09,San Antonio
Anthony Ward,45.0,anthony.ward@company.com,53148.0,Marketing,2023-01-10,Nashville
Anthony Bailey,23.0,anthony.bailey@company.com,89715.0,IT,2023-12-24,Seattle
Samuel Wilson,37.0,samuel.wilson@company.com,68472.0,Engineering,2024-09-17,Columbus
Jeffrey Howard,36.0,jeffrey.howard@company.com,47383.0,Finance,2024-03-28,San Antonio
Rachel Price,35.0,rachel.price@company.com,63267.0,HR,2023-01-30,Indianapolis
Anthony Brown,27.0,anthony.brown@company.com,85196.0,Customer Support,2023-02-20,Charlotte
Ronald Ruiz,52.0,ronald.ruiz@company.com,97392.0,Operations,2023-02-02,Nashville
George Green,58.0,george.green@company.com,108227.0,Engineering,2023-08-21,Cleveland
Nicholas Collins,58.0,nicholas.collins@company.com,69514.0,Sales,2024-04-22,Indianapolis
David Garcia,50.0,david.garcia@company.com,88925.0,Sales,2024-02-09,Columbus
Nancy Diaz,26.0,nancy.diaz@company.com,69879.0,Customer Support,2023-12-25,Seattle
Heather Cruz,33.0,heather.cruz@company.com,45829.0,Customer Support,2024-11-13,New York
Frank Price,55.0,frank.price@company.com,66651.0,HR,2023-01-03,Denver
Matthew Robinson,38.0,matthew.robinson@company.com,91452.0,HR,2024-09-23,San Diego
Gregory Taylor,42.0,gregory.taylor@company.com,54490.0,Operations,2023-10-11,Portland
Stephen Young,40.0,stephen.young@company.com,107858.0,Finance,2024-05-28,Los Angeles
Ryan Reyes,39.0,ryan.reyes@company.com,67832.0,Customer Support,2024-02-18,Dallas
John Ruiz,61.0,john.ruiz@company.com,58682.0,IT,2023-12-06,Tampa
Nancy Johnson,25.0,nancy.johnson@company.com,95296.0,Sales,2023-04-22,Detroit
Cynthia Garcia,22.0,cynthia.garcia@company.com,69795.0,Sales,2023-09-23,Miami
Kenneth Bennett,59.0,kenneth.bennett@company.com,112560.0,Operations,2023-02-17,Jacksonville
Brian Ramos,24.0,brian.ramos@company.com,55578.0,Finance,2024-09-25,San Diego
Thomas Roberts,23.0,thomas.roberts@company.com,97380.0,Customer Support,2024-04-01,Minneapolis
Steven Bailey,43.0,steven.bailey@company.com,37528.0,HR,2023-02-04,Nashville
Jennifer Gutierrez,43.0,jennifer.gutierrez@company.com,61921.0,HR,2023-02-16,Denver
Cynthia Price,44.0,cynthia.price@company.com,78177.0,Engineering,2023-11-02,Boston
Eric Martinez,54.0,eric.martinez@company.com,67928.0,Finance,2023-07-07,Atlanta
Elizabeth Watson,39.0,elizabeth.watson@company.com,112507.0,HR,2024-10-31,San Antonio
Patrick Taylor,36.0,patrick.taylor@company.com,79219.0,IT,2024-09-11,Boston
Emily Thompson,26.0,emily.thompson@company.com,98340.0,Engineering,2023-04-09,Cleveland
Sharon Evans,55.0,sharon.evans@company.com,39505.0,Sales,2024-08-24,Columbus
Mary Mitchell,35.0,mary.mitchell@company.com,84258.0,HR,2024-10-01,Memphis
Kenneth Walker,43.0,kenneth.walker@company.com,39042.0,IT,2024-05-15,Cleveland
Scott Rodriguez,42.0,scott.rodriguez@company.com,48650.0,Operations,2023-02-14,Chicago
Anna Robinson,26.0,anna.robinson@company.com,116067.0,HR,2023-01-23,Chicago
Heather Murphy,57.0,heather.murphy@company.com,43359.0,Customer Support,2023-08-21,Minneapolis
Patrick Cruz,32.0,patrick.cruz@company.com,39922.0,Sales,2023-05-07,San Francisco
David Kelly,64.0,david.kelly@company.com,75443.0,Marketing,2023-04-09,San Antonio
Brian Taylor,33.0,brian.taylor@company.com,83751.0,Customer Support,2024-03-07,Atlanta
Margaret Kelly,57.0,margaret.kelly@company.com,51588.0,Customer Support,2024-05-13,Minneapolis
Susan Thompson,57.0,susan.thompson@company.com,67383.0,Finance,2023-06-30,Cleveland
Tyler Hughes,47.0,tyler.hughes@company.com,101614.0,HR,2024-08-26,Fort Worth
Nicholas Ruiz,22.0,nicholas.ruiz@company.com,105533.0,IT,2023-05-06,Detroit
Emily Alvarez,51.0,emily.alvarez@company.com,71850.0,Marketing,2023-03-18,Los Angeles
Lisa Cook,38.0,lisa.cook@company.com,107612.0,Customer Support,2023-12-18,Columbus
Elizabeth Williams,60.0,elizabeth.williams@company.com,44365.0,Operations,2023-06-10,Pittsburgh
William Hughes,48.0,william.hughes@company.com,43532.0,Marketing,2024-01-09,Austin
Elizabeth Allen,56.0,elizabeth.allen@company.com,35668.0,Operations,2024-02-17,San Antonio
Linda Lee,62.0,linda.lee@company.com,103690.0,Sales,2024-08-12,New York
Aaron Hernandez,45.0,aaron.hernandez@company.com,109257.0,Sales,2024-10-19,New York
Carol Morgan,46.0,carol.morgan@company.com,89639.0,Finance,2023-10-24,New York
Kenneth Lopez,44.0,kenneth.lopez@company.com,85134.0,Engineering,2024-11-09,Nashville
Patricia Carter,43.0,patricia.carter@company.com,103551.0,HR,2023-11-12,Chicago
Brian Miller,58.0,brian.miller@company.com,75949.0,Customer Support,2024-10-10,Cleveland
Stephanie Smith,33.0,stephanie.smith@company.com,104047.0,Customer Support,2023-01-04,Atlanta
Lisa Price,54.0,lisa.price@company.com,50166.0,Marketing,2024-01-05,Pittsburgh
Linda Mendoza,37.0,linda.mendoza@company.com,73371.0,IT,2023-01-29,Memphis
Stephanie Gray,56.0,stephanie.gray@company.com,43433.0,IT,2024-03-06,Indianapolis
Eric Ortiz,42.0,eric.ortiz@company.com,44215.0,HR,2023-07-02,San Antonio
Diane Murphy,49.0,diane.murphy@company.com,39011.0,Operations,2024-12-29,Cleveland
Amy Howard,64.0,amy.howard@company.com,45273.0,Marketing,2024-03-09,Houston
Anna Kelly,33.0,anna.kelly@company.com,94571.0,IT,2024-07-25,Dallas
Jerry Rivera,45.0,jerry.rivera@company.com,38686.0,Operations,2024-07-27,Charlotte
Lisa Martin,34.0,lisa.martin@company.com,104119.0,Customer Support,2023-07-10,Miami
Joseph Chavez,46.0,joseph.chavez@company.com,100898.0,Customer Support,2023-03-28,Baltimore
Edward Robinson,52.0,edward.robinson@company.com,75682.0,Marketing,2023-10-27,Cleveland
Brandon Ward,36.0,brandon.ward@company.com,54388.0,IT,2024-09-12,Nashville
Patrick Garcia,44.0,patrick.garcia@company.com,114782.0,Finance,2023-11-16,New York
Christine Morris,49.0,christine.morris@company.com,78262.0,Customer Support,2023-02-02,Fort Worth
Nicole Price,24.0,nicole.price@company.com,60243.0,Sales,2023-10-18,Seattle
Kevin Richardson,41.0,kevin.richardson@company.com,107289.0,Operations,2023-06-25,Dallas
Linda Nguyen,50.0,linda.nguyen@company.com,101075.0,Finance,2024-10-02,Minneapolis
Linda Chavez,61.0,linda.chavez@company.com,86369.0,Customer Support,2023-04-23,Memphis
Scott Nguyen,60.0,scott.nguyen@company.com,99040.0,IT,2024-09-24,Phoenix
Janet Smith,63.0,janet.smith@company.com,59246.0,IT,2023-08-12,Los Angeles
Ruth Bennett,60.0,ruth.bennett@company.com,118445.0,Engineering,2023-12-10,Nashville
Brian Myers,44.0,brian.myers@company.com,78096.0,Sales,2023-06-22,Baltimore
Angela Martin,34.0,angela.martin@company.com,53171.0,Sales,2023-05-14,New Orleans
John Johnson,44.0,john.johnson@company.com,91494.0,Engineering,2023-03-27,Pittsburgh
Paul King,60.0,paul.king@company.com,117136.0,Operations,2024-03-14,Miami
Ryan Gomez,34.0,ryan.gomez@company.com,61025.0,Sales,2023-10-13,Memphis
Laura Gonzalez,52.0,laura.gonzalez@company.com,91489.0,Operations,2023-06-29,Charlotte
Patricia Wood,23.0,patricia.wood@company.com,63821.0,HR,2024-03-24,Detroit
Rebecca Harris,50.0,rebecca.harris@company.com,57427.0,Finance,2023-01-02,Houston
Heather Bailey,48.0,heather.bailey@company.com,45439.0,HR,2024-08-26,Jacksonville
James Martinez,28.0,james.martinez@company.com,76810.0,Finance,2024-06-02,San Francisco
Brian Perez,35.0,brian.perez@company.com,39221.0,Operations,2023-11-02,Detroit
Michael Hall,39.0,michael.hall@company.com,47433.0,Customer Support,2024-05-25,Seattle
Larry Ramos,42.0,larry.ramos@company.com,35928.0,Sales,2023-02-21,Baltimore
  Anna Ward  ,22.0,anna.ward@company.com,111905.0,Customer Support,2024-08-05,Houston
Emma Reed,39.0,emma.reed@company.com,71140.0,IT,2024-07-10,Minneapolis
Eric Williams,55.0,eric.williams@company.com,77075.0,HR,2023-02-19,Denver
Elizabeth Gutierrez,34.0,elizabeth.gutierrez@company.com,54806.0,Marketing,2024-01-26,Denver
Paul Davis,56.0,paul.davis@company.com,62532.0,Engineering,2023-04-14,Pittsburgh
Stephen Martin,54.0,stephen.martin@company.com,107502.0,IT,2024-07-26,Phoenix
Michelle Sanchez,51.0,michelle.sanchez@company.com,63927.0,Engineering,2023-07-07,Memphis
Rebecca Murphy,42.0,rebecca.murphy@company.com,44267.0,Marketing,2024-04-12,Charlotte
Steven Walker,30.0,steven.walker@company.com,35683.0,Finance,2024-07-09,Phoenix
Michelle Flores,49.0,michelle.flores@company.com,50525.0,Engineering,2024-02-05,Pittsburgh
Barbara Myers,24.0,barbara.myers@company.com,81577.0,Engineering,2024-09-24,Portland
Brian Hughes,35.0,brian.hughes@company.com,43098.0,Sales,2024-01-15,Chicago
Larry Edwards,35.0,larry.edwards@company.com,73794.0,Finance,2024-08-01,Jacksonville
Stephanie Howard,49.0,stephanie.howard@company.com,68430.0,Sales,2024-11-22,Minneapolis
Heather Hall,37.0,heather.hall@company.com,40176.0,Finance,2023-12-24,Jacksonville
Angela Wood,56.0,angela.wood@company.com,36171.0,Customer Support,2023-05-04,New Orleans
Brian Kelly,47.0,brian.kelly@company.com,55337.0,Sales,2024-11-24,Minneapolis
Kathleen Wright,64.0,kathleen.wright@company.com,82300.0,Customer Support,2023-07-31,Boston
  Daniel Walker  ,57.0,daniel.walker@company.com,45117.0,Operations,2024-08-25,Fort Worth
Samuel Gonzalez,50.0,samuel.gonzalez@company.com,37349.0,Customer Support,2023-01-06,Indianapolis
Karen Ramirez,39.0,karen.ramirez@company.com,86687.0,Finance,2024-04-07,Pittsburgh
James Phillips,65.0,james.phillips@company.com,50362.0,Marketing,2023-07-25,New Orleans
Janet Ward,26.0,janet.ward@company.com,55236.0,Engineering,2023-11-05,Indianapolis
Robert Taylor,43.0,robert.taylor@company.com,73980.0,Operations,2023-07-15,San Antonio
James Flores,40.0,james.flores@company.com,114905.0,Marketing,2024-09-02,New York
Tyler Ramos,47.0,tyler.ramos@company.com,96799.0,Finance,2023-04-01,Fort Worth
Susan Diaz,23.0,susan.diaz@company.com,111521.0,Sales,2024-12-27,Tampa
Kevin King,22.0,kevin.king@company.com,55033.0,HR,2023-07-19,San Diego
Brian Price,39.0,brian.price@company.com,93954.0,IT,2023-06-20,Boston
  Lisa Collins  ,27.0,lisa.collins@company.com,104278.0,Customer Support,2023-06-14,Fort Worth
Deborah Evans,29.0,deborah.evans@company.com,63830.0,HR,2023-08-12,Philadelphia
George Sanchez,28.0,george.sanchez@company.com,53142.0,Finance,2024-07-19,Fort Worth
Donald Reyes,47.0,donald.reyes@company.com,107466.0,Marketing,2024-04-02,New Orleans
,,,,,,
John Roberts,27.0,john.roberts@company.com,92976.0,Finance,2023-12-12,Baltimore
Ronald Jackson,64.0,ronald.jackson@company.com,116957.0,Finance,2024-11-13,Houston
Pamela Kelly,37.0,pamela.kelly@company.com,54966.0,IT,2023-09-22,Baltimore
Mark Nelson,25.0,mark.nelson@company.com,44249.0,Finance,2024-07-06,Charlotte
Timothy Jackson,22.0,timothy.jackson@company.com,83039.0,Operations,2023-11-12,Detroit
Tyler Alvarez,26.0,tyler.alvarez@company.com,52171.0,HR,2023-07-25,Atlanta
Christopher Garcia,32.0,christopher.garcia@company.com,62460.0,IT,2024-03-19,Minneapolis
Amy Richardson,35.0,amy.richardson@company.com,103784.0,Finance,2023-06-29,Austin
Carol Kelly,43.0,carol.kelly@company.com,40233.0,Customer Support,2024-05-02,San Jose
Samantha Johnson,33.0,samantha.johnson@company.com,58233.0,Operations,2023-01-11,Chicago
Amanda Kelly,57.0,amanda.kelly@company.com,45863.0,Finance,2023-01-06,New Orleans
Amy Perez,37.0,amy.perez@company.com,115293.0,Sales,2024-08-01,Denver
Maria Flores,55.0,maria.flores@company.com,38080.0,Finance,2023-10-23,San Francisco
Nicole Phillips,27.0,nicole.phillips@company.com,53530.0,Marketing,2024-09-14,New York
Raymond Price,42.0,raymond.price@company.com,66392.0,Sales,2024-02-14,Los Angeles
Michael Rogers,43.0,michael.rogers@company.com,117610.0,IT,2024-12-29,Fort Worth
Melissa Kelly,45.0,melissa.kelly@company.com,84531.0,Marketing,2024-02-18,Nashville
Jack Price,45.0,jack.price@company.com,83975.0,HR,2024-01-20,Jacksonville
Jennifer Wood,50.0,jennifer.wood@company.com,102980.0,Marketing,2023-05-30,Atlanta
Linda Ward,61.0,linda.ward@company.com,107340.0,HR,2023-03-19,Columbus
Thomas Miller,42.0,thomas.miller@company.com,77613.0,Operations,2023-03-14,Baltimore
Tyler Hernandez,45.0,tyler.hernandez@company.com,67759.0,HR,2023-10-09,Fort Worth
Larry Sanders,34.0,larry.sanders@company.com,77731.0,IT,2023-08-19,Austin
Sharon Adams,47.0,sharon.adams@company.com,113951.0,IT,2023-05-26,Minneapolis
Jack Torres,30.0,jack.torres@company.com,41926.0,Customer Support,2023-04-21,Miami
Janet Collins,35.0,janet.collins@company.com,82992.0,Finance,2024-10-06,Memphis
Justin Ortiz,48.0,justin.ortiz@company.com,50403.0,Customer Support,2024-11-14,New York
Michelle Nguyen,47.0,michelle.nguyen@company.com,92759.0,Engineering,2023-06-16,Jacksonville
David Garcia,42.0,david.garcia@company.com,56221.0,Operations,2024-04-20,Houston
Thomas Jackson,28.0,thomas.jackson@company.com,45754.0,IT,2023-05-17,San Diego
Robert Jones,55.0,robert.jones@company.com,78050.0,HR,2023-09-30,Fort Worth
Carolyn Howard,41.0,carolyn.howard@company.com,79263.0,HR,2023-04-24,Pittsburgh
Jacob Brown,36.0,jacob.brown@company.com,107347.0,HR,2024-07-07,Minneapolis
Justin Sanders,49.0,justin.sanders@company.com,72649.0,Marketing,2024-08-14,Minneapolis
Gregory Rivera,50.0,gregory.rivera@company.com,80311.0,Operations,2024-12-19,Los Angeles
Emily Martinez,28.0,emily.martinez@company.com,57080.0,Customer Support,2024-07-22,Charlotte
Jessica Howard,47.0,jessica.howard@company.com,70914.0,HR,2024-05-12,Tampa
,,,,,,
Daniel Brown,49.0,daniel.brown@company.com,72066.0,Operations,2024-08-17,Baltimore
Amanda Gray,60.0,amanda.gray@company.com,36515.0,IT,2023-05-27,Nashville
Melissa Sanders,59.0,melissa.sanders@company.com,39349.0,Customer Support,2024-06-27,Columbus
Donna Martin,33.0,donna.martin@company.com,54132.0,Sales,2023-06-09,Chicago
Nicholas Collins,65.0,nicholas.collins@company.com,57908.0,Customer Support,2023-11-15,Los Angeles
Dorothy Diaz,43.0,dorothy.diaz@company.com,84275.0,Sales,2024-12-11,San Francisco
Tyler Roberts,62.0,tyler.roberts@company.com,72288.0,HR,2024-09-22,San Antonio
Robert Smith,23.0,robert.smith@company.com,41058.0,Marketing,2023-05-04,San Antonio
Shirley Phillips,31.0,shirley.phillips@company.com,51349.0,HR,2024-01-17,Austin
Jessica Carter,60.0,jessica.carter@company.com,112416.0,Finance,2024-06-03,Nashville
Catherine Sanchez,60.0,catherine.sanchez@company.com,54849.0,IT,2023-01-01,Denver
Thomas Baker,60.0,thomas.baker@company.com,112411.0,Marketing,2024-03-16,Baltimore
Brian Hughes,54.0,brian.hughes@company.com,110646.0,Customer Support,2023-08-07,San Jose
Carol Flores,58.0,carol.flores@company.com,52441.0,Customer Support,2024-11-07,Seattle
Helen Rivera,37.0,helen.rivera@company.com,92686.0,Engineering,2023-06-12,Austin
Dorothy Jackson,23.0,dorothy.jackson@company.com,71707.0,IT,2023-03-29,Pittsburgh
Carolyn Lewis,58.0,carolyn.lewis@company.com,78747.0,Sales,2024-03-14,Chicago
Amanda Harris,62.0,amanda.harris@company.com,72603.0,Finance,2024-10-18,San Antonio
Larry Martinez,53.0,larry.martinez@company.com,61612.0,IT,2023-05-23,San Francisco
Ronald James,37.0,ronald.james@company.com,118656.0,Finance,2024-08-04,San Antonio
Ryan Lee,28.0,ryan.lee@company.com,85392.0,Sales,2023-09-11,Atlanta
Shirley Nelson,29.0,shirley.nelson@company.com,55315.0,Marketing,2024-08-03,Philadelphia
Ronald Cox,57.0,ronald.cox@company.com,118260.0,Operations,2024-12-03,Detroit
Dorothy Sanders,33.0,dorothy.sanders@company.com,35525.0,Marketing,2024-08-28,Nashville
Rebecca Hughes,64.0,rebecca.hughes@company.com,37692.0,HR,2024-12-29,Atlanta
Carolyn Howard,45.0,carolyn.howard@company.com,95575.0,HR,2024-07-03,Minneapolis
Sharon Richardson,22.0,sharon.richardson@company.com,92164.0,Customer Support,2023-10-25,Cleveland
Amy Harris,45.0,amy.harris@company.com,48690.0,Engineering,2023-04-11,Charlotte
Gregory Patel,48.0,gregory.patel@company.com,109497.0,Marketing,2023-07-16,Phoenix
Stephanie Cook,42.0,stephanie.cook@company.com,35099.0,Operations,2024-03-09,Detroit
Donald Green,23.0,donald.green@company.com,40270.0,HR,2024-11-03,Memphis
Thomas Kim,36.0,thomas.kim@company.com,69481.0,Sales,2023-12-17,Los Angeles
,,,,,,
Jennifer Kim,65.0,jennifer.kim@company.com,74542.0,Sales,2023-05-04,San Antonio
Susan Baker,50.0,susan.baker@company.com,100208.0,IT,2024-03-04,San Francisco
  Raymond Bennett  ,31.0,raymond.bennett@company.com,68308.0,IT,2023-02-15,Detroit
Ruth Garcia,53.0,ruth.garcia@company.com,56374.0,Marketing,2024-04-10,Austin
Anthony Wood,29.0,anthony.wood@company.com,77834.0,Sales,2023-11-27,Los Angeles
Stephen Wright,45.0,stephen.wright@company.com,73843.0,IT,2023-09-22,Nashville
Larry Jones,40.0,larry.jones@company.com,80431.0,Customer Support,2024-08-03,Denver
Barbara Murphy,27.0,barbara.murphy@company.com,38963.0,IT,2023-08-15,Baltimore
Mary Cook,56.0,mary.cook@company.com,52944.0,IT,2023-04-14,Minneapolis
Cynthia Sanders,36.0,cynthia.sanders@company.com,92980.0,IT,2024-12-20,Seattle
Mark Taylor,34.0,mark.taylor@company.com,76073.0,Finance,2023-07-12,Nashville
Jonathan Thomas,54.0,jonathan.thomas@company.com,88305.0,Engineering,2023-08-19,Phoenix
Emily Williams,23.0,emily.williams@company.com,57505.0,Marketing,2024-11-03,New York
Catherine Nguyen,32.0,catherine.nguyen@company.com,40541.0,Operations,2023-03-29,Denver
Amanda Price,46.0,amanda.price@company.com,72410.0,IT,2023-09-09,Tampa
Heather Carter,38.0,heather.carter@company.com,117069.0,Finance,2023-08-12,Jacksonville
John Wilson,55.0,john.wilson@company.com,114690.0,Engineering,2023-06-06,Boston
Rachel Mendoza,44.0,rachel.mendoza@company.com,91850.0,HR,2024-03-27,Cleveland
Ryan Moore,46.0,ryan.moore@company.com,64560.0,Operations,2023-03-13,Miami
Frank Martin,30.0,frank.martin@company.com,114778.0,Sales,2024-01-19,Los Angeles
Laura Bennett,55.0,laura.bennett@company.com,43216.0,HR,2024-07-16,Portland
Kenneth James,25.0,kenneth.james@company.com,118163.0,Operations,2023-11-17,Philadelphia
Brandon Castillo,26.0,brandon.castillo@company.com,56569.0,Operations,2023-03-17,New York
William Jones,48.0,william.jones@company.com,53457.0,Finance,2024-11-17,Dallas
Angela Carter,46.0,angela.carter@company.com,115602.0,Operations,2024-06-24,Seattle
Joshua Mendoza,46.0,joshua.mendoza@company.com,118246.0,Finance,2023-04-29,Columbus
Joshua Young,32.0,joshua.young@company.com,88815.0,Sales,2023-06-11,San Jose
Laura Perez,58.0,laura.perez@company.com,86720.0,Operations,2023-07-15,Tampa
Jerry Hernandez,33.0,jerry.hernandez@company.com,44572.0,Finance,2023-07-22,Austin
Amanda Adams,36.0,amanda.adams@company.com,37490.0,Engineering,2024-11-18,Charlotte
Susan Carter,55.0,susan.carter@company.com,107243.0,Engineering,2024-08-26,San Jose
Joshua Hughes,49.0,joshua.hughes@company.com,67197.0,Marketing,2023-03-11,Seattle
Ashley Cooper,27.0,ashley.cooper@company.com,44518.0,Engineering,2023-03-16,Atlanta
Heather Morales,25.0,heather.morales@company.com,115929.0,Sales,2023-10-18,Columbus
Frank Smith,42.0,frank.smith@company.com,65467.0,Marketing,2024-12-17,Minneapolis
Paul Howard,51.0,paul.howard@company.com,68731.0,Operations,2024-07-31,Philadelphia
Emma Rodriguez,61.0,emma.rodriguez@company.com,49282.0,Finance,2024-04-13,Dallas
Steven Bennett,58.0,steven.bennett@company.com,49253.0,HR,2023-11-22,Denver
Sandra Young,57.0,sandra.young@company.com,83329.0,HR,2023-10-16,Memphis
Catherine Harris,39.0,catherine.harris@company.com,64099.0,Operations,2023-03-08,Memphis
Dorothy Wright,37.0,dorothy.wright@company.com,79777.0,Marketing,2023-03-28,Denver
Stephanie Williams,34.0,stephanie.williams@company.com,40535.0,Operations,2024-03-20,Indianapolis
,,,,,,
Emma Rodriguez,31.0,emma.rodriguez@company.com,56579.0,Operations,2023-06-19,Indianapolis
Donald Jackson,51.0,donald.jackson@company.com,95102.0,Operations,2023-06-22,Pittsburgh
Laura James,52.0,laura.james@company.com,115518.0,Operations,2024-12-05,Columbus
Christopher Cruz,56.0,christopher.cruz@company.com,86341.0,Sales,2023-02-23,San Jose
Jennifer White,34.0,jennifer.white@company.com,53212.0,Marketing,2024-04-25,Memphis
Heather Murphy,50.0,heather.murphy@company.com,48000.0,Marketing,2023-11-14,Phoenix
Aaron Sanchez,45.0,aaron.sanchez@company.com,115866.0,Operations,2023-06-12,Portland
Matthew Taylor,41.0,matthew.taylor@company.com,57504.0,Sales,2023-02-08,Philadelphia
Helen Gutierrez,29.0,helen.gutierrez@company.com,117973.0,Operations,2023-07-15,Pittsburgh
Katherine Myers,31.0,katherine.myers@company.com,78780.0,HR,2024-05-29,Cleveland
Susan Ramirez,54.0,susan.ramirez@company.com,77875.0,HR,2024-05-19,Minneapolis
Frank Bennett,51.0,frank.bennett@company.com,89307.0,Operations,2023-12-02,Pittsburgh
Timothy James,22.0,timothy.james@company.com,91808.0,Operations,2023-03-18,New Orleans
Eric Peterson,56.0,eric.peterson@company.com,86529.0,Finance,2023-02-23,Charlotte
Donald Cook,35.0,donald.cook@company.com,76438.0,Marketing,2023-05-29,Cleveland
Robert Hernandez,46.0,robert.hernandez@company.com,82374.0,Finance,2024-12-30,Chicago
Kathleen Lee,63.0,kathleen.lee@company.com,88001.0,IT,2023-06-22,Denver
,,,,,,
Larry Campbell,26.0,larry.campbell@company.com,78216.0,Operations,2023-10-02,Los Angeles
Emily Adams,48.0,emily.adams@company.com,105046.0,Operations,2023-06-05,San Francisco
Patricia Martin,40.0,patricia.martin@company.com,72118.0,Operations,2023-06-26,Nashville
Steven Garcia,32.0,steven.garcia@company.com,66931.0,Marketing,2024-01-13,Denver
Ryan Carter,53.0,ryan.carter@company.com,113288.0,Engineering,2024-08-03,Boston
Richard Brown,25.0,richard.brown@company.com,75209.0,Finance,2023-03-30,Austin
Rachel Torres,38.0,rachel.torres@company.com,99887.0,Finance,2023-02-22,Dallas
Donna Green,33.0,donna.green@company.com,65708.0,Marketing,2023-12-17,Baltimore
Sarah Gutierrez,29.0,sarah.gutierrez@company.com,43734.0,Customer Support,2023-09-16,Miami
Eric Bailey,26.0,eric.bailey@company.com,94984.0,Operations,2024-07-05,Fort Worth
Joseph Kim,63.0,joseph.kim@company.com,93195.0,HR,2024-09-21,San Antonio
Jerry Cruz,28.0,jerry.cruz@company.com,111095.0,IT,2023-04-26,Fort Worth
Margaret Mitchell,65.0,margaret.mitchell@company.com,65518.0,Finance,2023-10-19,Indianapolis
John Adams,48.0,john.adams@company.com,84549.0,Marketing,2024-12-03,Phoenix
Tyler James,42.0,tyler.james@company.com,78252.0,Operations,2024-05-25,San Antonio
Ruth Gonzalez,25.0,ruth.gonzalez@company.com,111097.0,IT,2024-01-07,Pittsburgh
Diane Jones,62.0,diane.jones@company.com,94536.0,Marketing,2024-03-31,Cleveland
Ruth Cook,28.0,ruth.cook@company.com,67485.0,HR,2024-01-31,Charlotte
Lisa Sanders,36.0,lisa.sanders@company.com,93479.0,Marketing,2023-08-02,Dallas
Kathleen Anderson,26.0,kathleen.anderson@company.com,78580.0,Marketing,2024-09-02,Pittsburgh
Emily Stewart,40.0,emily.stewart@company.com,92600.0,IT,2024-04-16,Miami
Raymond Taylor,61.0,raymond.taylor@company.com,58216.0,Finance,2023-03-21,Miami
Michael Morris,57.0,michael.morris@company.com,93663.0,Marketing,2023-11-26,New Orleans
Barbara Morales,24.0,barbara.morales@company.com,112259.0,Marketing,2024-06-10,Philadelphia
Samuel Peterson,34.0,samuel.peterson@company.com,95467.0,IT,2023-11-10,Nashville
Sharon Walker,50.0,sharon.walker@company.com,90871.0,HR,2024-09-23,Jacksonville
Anna Allen,26.0,anna.allen@company.com,83431.0,Sales,2023-04-30,New York
Sarah Harris,28.0,sarah.harris@company.com,38865.0,Customer Support,2024-02-22,Chicago
Tyler Mendoza,58.0,tyler.mendoza@company.com,85792.0,Marketing,2023-06-14,Nashville
  Laura Gonzalez  ,39.0,laura.gonzalez@company.com,56474.0,IT,2023-04-14,Los Angeles
Lisa Ward,60.0,lisa.ward@company.com,59899.0,Operations,2023-08-11,Nashville
Maria Price,54.0,maria.price@company.com,47956.0,Operations,2024-09-25,Seattle
Carolyn Cooper,50.0,carolyn.cooper@company.com,77133.0,Customer Support,2023-05-24,San Diego
Anna Johnson,24.0,anna.johnson@company.com,36624.0,Customer Support,2023-02-05,San Jose
Raymond Morgan,57.0,raymond.morgan@company.com,110760.0,Sales,2024-12-10,Columbus
Shirley Jackson,44.0,shirley.jackson@company.com,66997.0,Operations,2024-12-25,Boston
Kevin Gonzalez,22.0,kevin.gonzalez@company.com,56790.0,Sales,2024-08-23,Denver
Richard Myers,56.0,richard.myers@company.com,76616.0,Marketing,2023-11-15,San Antonio
  Timothy Turner  ,57.0,timothy.turner@company.com,114755.0,IT,2023-08-05,Phoenix
Kimberly White,46.0,kimberly.white@company.com,68613.0,Finance,2023-02-25,Austin
Maria Miller,65.0,maria.miller@company.com,79539.0,Finance,2024-09-22,Columbus
Shirley Ortiz,53.0,shirley.ortiz@company.com,68446.0,Customer Support,2023-02-14,Memphis
Debra Allen,39.0,debra.allen@company.com,92894.0,Operations,2024-04-17,Houston
Gregory Brooks,24.0,gregory.brooks@company.com,88692.0,HR,2023-07-19,New Orleans
Eric Jones,49.0,eric.jones@company.com,101492.0,HR,2024-03-10,San Francisco
William Thomas,54.0,william.thomas@company.com,65624.0,Operations,2023-06-16,Indianapolis
Kevin Thomas,62.0,kevin.thomas@company.com,71011.0,IT,2024-10-24,San Diego
Jeffrey Phillips,48.0,jeffrey.phillips@company.com,62506.0,IT,2024-03-21,Chicago
Nicole Martin,37.0,nicole.martin@company.com,73662.0,Operations,2023-05-30,Miami
Barbara Bailey,34.0,barbara.bailey@company.com,78342.0,Customer Support,2023-03-03,New Orleans
Joseph Brown,52.0,joseph.brown@company.com,77188.0,Customer Support,2023-11-24,Fort Worth
Melissa Mendoza,30.0,melissa.mendoza@company.com,41046.0,HR,2023-04-19,Cleveland
Samantha Patel,30.0,samantha.patel@company.com,115674.0,Finance,2024-10-14,Charlotte
Anthony Martinez,56.0,anthony.martinez@company.com,66607.0,IT,2023-02-14,Los Angeles
Maria Patel,49.0,maria.patel@company.com,46145.0,Finance,2023-11-19,San Francisco
Ryan Rivera,32.0,ryan.rivera@company.com,62604.0,Marketing,2023-07-02,Austin
Andrew Bennett,64.0,andrew.bennett@company.com,106748.0,Marketing,2024-10-12,Minneapolis
Michael Miller,28.0,michael.miller@company.com,38460.0,Sales,2024-09-07,Los Angeles
Carol Baker,34.0,carol.baker@company.com,60601.0,Customer Support,2024-07-16,Jacksonville
Alexander Nelson,65.0,alexander.nelson@company.com,77953.0,Customer Support,2023-05-30,Boston
Rebecca Stewart,44.0,rebecca.stewart@company.com,61852.0,Finance,2024-07-14,Pittsburgh
Maria Sanchez,63.0,maria.sanchez@company.com,90751.0,HR,2023-03-10,Indianapolis
Sandra Cook,50.0,sandra.cook@company.com,88980.0,Engineering,2023-05-13,Jacksonville
David Gomez,42.0,david.gomez@company.com,103105.0,Marketing,2024-06-18,Minneapolis
Linda Rogers,47.0,linda.rogers@company.com,116625.0,Marketing,2024-11-17,San Jose
Larry Anderson,62.0,larry.anderson@company.com,38439.0,Sales,2024-11-24,Houston
Jennifer Clark,51.0,jennifer.clark@company.com,94156.0,Customer Support,2024-11-20,San Jose
  David Allen  ,63.0,david.allen@company.com,61513.0,Marketing,2024-09-23,Chicago
Brian Gutierrez,36.0,brian.gutierrez@company.com,50457.0,Operations,2023-03-15,Detroit
Larry Morgan,54.0,larry.morgan@company.com,67982.0,Engineering,2024-04-01,Portland
Andrew Martin,39.0,andrew.martin@company.com,47074.0,Finance,2024-04-13,Portland
Dorothy Evans,40.0,dorothy.evans@company.com,44923.0,Engineering,2024-04-12,Jacksonville
Stephanie Rogers,29.0,stephanie.rogers@company.com,61987.0,Finance,2023-03-01,Fort Worth
Eric Scott,41.0,eric.scott@company.com,39595.0,Engineering,2024-10-01,Phoenix
Betty Hill,63.0,betty.hill@company.com,115610.0,IT,2024-06-19,Los Angeles
Melissa Taylor,43.0,melissa.taylor@company.com,56367.0,HR,2023-02-23,New Orleans
Shirley Sanchez,44.0,shirley.sanchez@company.com,56972.0,Engineering,2024-09-01,San Jose
  Justin Brooks  ,27.0,justin.brooks@company.com,85486.0,Customer Support,2023-11-18,San Jose
Edward Ruiz,58.0,edward.ruiz@company.com,62591.0,Operations,2024-09-14,Pittsburgh
Timothy Taylor,37.0,timothy.taylor@company.com,118657.0,Operations,2024-07-23,Miami
Gary Gutierrez,62.0,gary.gutierrez@company.com,44920.0,Operations,2024-07-04,New Orleans
Barbara Gomez,53.0,barbara.gomez@company.com,102453.0,Engineering,2024-08-09,Fort Worth
Paul Lopez,31.0,paul.lopez@company.com,91668.0,Marketing,2024-06-29,Tampa
Margaret Flores,36.0,margaret.flores@company.com,109929.0,Engineering,2024-01-16,Houston
Laura Wilson,39.0,laura.wilson@company.com,110036.0,Operations,2024-03-10,New Orleans
Larry Rodriguez,23.0,larry.rodriguez@company.com,49815.0,Engineering,2024-07-26,New Orleans
Edward King,45.0,edward.king@company.com,87910.0,Engineering,2024-02-17,Miami
Mark Roberts,26.0,mark.roberts@company.com,98198.0,HR,2024-02-01,San Jose
Shirley Morris,56.0,shirley.morris@company.com,119975.0,HR,2024-01-29,Chicago
Patricia Torres,30.0,patricia.torres@company.com,87750.0,Operations,2024-06-13,Tampa
James Smith,64.0,james.smith@company.com,42001.0,Operations,2023-02-17,Phoenix
Thomas James,31.0,thomas.james@company.com,73209.0,Marketing,2023-04-28,San Jose
  George Thomas  ,37.0,george.thomas@company.com,90332.0,HR,2023-02-26,Atlanta
Gregory Hughes,37.0,gregory.hughes@company.com,96793.0,Customer Support,2024-08-17,Philadelphia
Christine Garcia,34.0,christine.garcia@company.com,107453.0,Sales,2023-04-23,Boston
Nancy Bailey,60.0,nancy.bailey@company.com,65865.0,Engineering,2024-06-23,San Antonio
Thomas Hill,46.0,thomas.hill@company.com,53511.0,Operations,2023-09-15,Atlanta
Sandra Walker,49.0,sandra.walker@company.com,91993.0,IT,2024-05-12,Dallas
Justin Carter,28.0,justin.carter@company.com,60210.0,Operations,2024-09-24,Dallas
Sarah King,33.0,sarah.king@company.com,64141.0,Customer Support,2023-08-14,Dallas
Janet Thompson,51.0,janet.thompson@company.com,62763.0,Operations,2024-04-16,Minneapolis
Alexander Ramos,39.0,alexander.ramos@company.com,59660.0,Engineering,2024-07-15,Charlotte
Brenda Moore,28.0,brenda.moore@company.com,62747.0,Customer Support,2023-02-20,Memphis
Betty Bailey,30.0,betty.bailey@company.com,41337.0,Sales,2023-02-04,New Orleans
Jonathan Davis,46.0,jonathan.davis@company.com,99643.0,Sales,2023-01-15,Dallas
Christine Hernandez,39.0,christine.hernandez@company.com,81892.0,Customer Support,2024-12-17,Baltimore
Stephen Cook,23.0,stephen.cook@company.com,80659.0,IT,2024-12-11,San Diego
Justin Chavez,52.0,justin.chavez@company.com,112420.0,Marketing,2023-01-23,Charlotte
Melissa Bennett,38.0,melissa.bennett@company.com,102271.0,Finance,2024-05-28,Austin
Ryan Brown,45.0,ryan.brown@company.com,67176.0,Engineering,2023-07-23,Nashville
Timothy Martinez,64.0,timothy.martinez@company.com,56256.0,Finance,2024-10-02,Boston
Kevin Miller,43.0,kevin.miller@company.com,83024.0,Sales,2023-05-06,Charlotte
Maria Flores,44.0,maria.flores@company.com,115312.0,IT,2023-10-25,Portland
Amy Gray,51.0,amy.gray@company.com,44440.0,IT,2024-06-17,Denver
Jennifer Thomas,61.0,jennifer.thomas@company.com,108844.0,Operations,2024-03-31,Chicago
Samuel Price,64.0,samuel.price@company.com,101918.0,Finance,2024-11-29,Tampa
Justin Walker,53.0,justin.walker@company.com,74076.0,Marketing,2024-02-25,Miami
Catherine Mendoza,47.0,catherine.mendoza@company.com,55934.0,Operations,2024-06-24,San Jose
Gary Stewart,34.0,gary.stewart@company.com,94958.0,Customer Support,2024-10-31,Denver
Debra Rodriguez,32.0,debra.rodriguez@company.com,115241.0,IT,2023-05-31,Austin
Sharon Perez,30.0,sharon.perez@company.com,79564.0,Customer Support,2023-08-11,Memphis
Betty Bennett,61.0,betty.bennett@company.com,105144.0,IT,2024-07-01,Boston
Jessica Castillo,25.0,jessica.castillo@company.com,93181.0,Operations,2024-12-03,Dallas
Dorothy Wood,23.0,dorothy.wood@company.com,103386.0,Customer Support,2023-04-09,Phoenix
Dennis Carter,45.0,dennis.carter@company.com,98619.0,Finance,2024-06-16,Fort Worth
Brian Reed,25.0,brian.reed@company.com,66772.0,HR,2023-09-01,Detroit
Timothy Jackson,22.0,timothy.jackson@company.com,71994.0,Sales,2024-08-13,Dallas
George Diaz,39.0,george.diaz@company.com,41630.0,IT,2023-05-09,San Jose
Joshua Miller,30.0,joshua.miller@company.com,116481.0,Sales,2023-04-18,Cleveland
Paul Mendoza,48.0,paul.mendoza@company.com,104772.0,Marketing,2023-09-30,Philadelphia
  Lisa Kelly  ,32.0,lisa.kelly@company.com,74971.0,Finance,2024-01-08,Tampa
Pamela Hernandez,60.0,pamela.hernandez@company.com,110977.0,HR,2023-12-20,Pittsburgh
Mary Nguyen,35.0,mary.nguyen@company.com,95943.0,IT,2023-07-04,Baltimore
Jessica Phillips,57.0,jessica.phillips@company.com,35888.0,Customer Support,2024-05-29,Seattle
Carolyn Robinson,49.0,carolyn.robinson@company.com,67794.0,Engineering,2024-06-25,Detroit
Helen Flores,24.0,helen.flores@company.com,52388.0,IT,2024-03-21,Houston
Helen Ruiz,25.0,helen.ruiz@company.com,50343.0,Operations,2024-06-30,Boston
David Diaz,60.0,david.diaz@company.com,65271.0,Customer Support,2024-07-30,New Orleans
Brandon Jackson,38.0,brandon.jackson@company.com,77102.0,IT,2023-09-24,Nashville
Benjamin Allen,42.0,benjamin.allen@company.com,89045.0,IT,2023-12-20,Jacksonville
Kenneth Garcia,30.0,kenneth.garcia@company.com,104610.0,Customer Support,2023-02-02,San Antonio
Susan Wilson,29.0,susan.wilson@company.com,94678.0,Finance,2024-12-01,Detroit
Patrick Cruz,51.0,patrick.cruz@company.com,53178.0,HR,2023-09-22,Memphis
Michael Gomez,24.0,michael.gomez@company.com,55425.0,Marketing,2024-11-04,Cleveland
Jacob Reed,27.0,jacob.reed@company.com,76892.0,Marketing,2024-02-05,Baltimore
Donna Ortiz,33.0,donna.ortiz@company.com,41128.0,Marketing,2024-08-13,Austin
  Ashley Davis  ,46.0,ashley.davis@company.com,46224.0,HR,2023-03-02,Baltimore
Kimberly Kelly,38.0,kimberly.kelly@company.com,70718.0,IT,2024-11-13,Seattle
Benjamin James,30.0,benjamin.james@company.com,73219.0,Finance,2023-11-29,Jacksonville
Jacob Clark,35.0,jacob.clark@company.com,68106.0,Marketing,2024-12-28,Columbus
Amy Alvarez,62.0,amy.alvarez@company.com,92020.0,Operations,2024-04-04,Seattle
Brian Harris,49.0,brian.harris@company.com,38664.0,Customer Support,2023-06-28,Austin
Elizabeth Mitchell,40.0,elizabeth.mitchell@company.com,110793.0,Customer Support,2024-07-01,Charlotte
Anna Peterson,47.0,anna.peterson@company.com,99452.0,IT,2024-07-21,Miami
Mary Flores,60.0,mary.flores@company.com,47694.0,Finance,2024-01-26,Philadelphia
  Amy Garcia  ,28.0,amy.garcia@company.com,115410.0,Engineering,2024-08-01,Dallas
Anthony Baker,28.0,anthony.baker@company.com,59631.0,IT,2024-10-15,Houston
Kathleen Thompson,22.0,kathleen.thompson@company.com,79088.0,Marketing,2024-06-22,Houston
Jason Carter,33.0,jason.carter@company.com,44223.0,Sales,2023-06-20,Miami
Angela Kelly,58.0,angela.kelly@company.com,94271.0,Engineering,2023-08-28,Nashville
Cynthia Green,62.0,cynthia.green@company.com,58903.0,Customer Support,2023-12-04,Charlotte
Anthony Cooper,49.0,anthony.cooper@company.com,76131.0,Sales,2023-08-28,Austin
Sandra Roberts,53.0,sandra.roberts@company.com,89813.0,Marketing,2024-05-12,Dallas
Kenneth Young,63.0,kenneth.young@company.com,80572.0,Marketing,2024-04-02,New York
Michelle Williams,51.0,michelle.williams@company.com,84079.0,Sales,2023-07-04,Miami
Joseph White,49.0,joseph.white@company.com,45642.0,Customer Support,2024-03-21,Boston
Robert Taylor,43.0,robert.taylor@company.com,73980.0,Operations,2023-07-15,San Antonio
Cynthia Castillo,63.0,cynthia.castillo@company.com,98965.0,Operations,2023-08-10,Denver
Mark Baker,32.0,mark.baker@company.com,114947.0,Marketing,2024-10-04,Minneapolis
Jessica Nelson,40.0,jessica.nelson@company.com,54590.0,HR,2024-12-27,Philadelphia
  David Myers  ,27.0,david.myers@company.com,105957.0,Marketing,2024-02-10,San Jose
Deborah Campbell,26.0,deborah.campbell@company.com,71079.0,HR,2023-05-07,Indianapolis
Christine Cook,41.0,christine.cook@company.com,118266.0,Engineering,2023-07-29,Seattle
Alexander Martin,28.0,alexander.martin@company.com,52460.0,Sales,2024-11-12,Phoenix
Sharon Lopez,44.0,sharon.lopez@company.com,76084.0,Engineering,2024-10-26,Atlanta
Timothy Morales,34.0,timothy.morales@company.com,50727.0,Finance,2023-07-03,Los Angeles
Larry Campbell,37.0,larry.campbell@company.com,88921.0,Engineering,2023-05-12,Miami
Janet Brown,28.0,janet.brown@company.com,107273.0,Engineering,2024-08-16,Los Angeles
Ruth Thomas,43.0,ruth.thomas@company.com,72246.0,Marketing,2024-09-25,Dallas
Daniel Walker,24.0,daniel.walker@company.com,48240.0,Marketing,2024-12-22,San Jose
Amanda Castillo,37.0,amanda.castillo@company.com,50539.0,Operations,2024-09-03,Jacksonville
Barbara Lopez,56.0,barbara.lopez@company.com,78072.0,HR,2024-09-03,Atlanta
Christine Bennett,52.0,christine.bennett@company.com,57836.0,HR,2023-09-24,Dallas
  Anna Martin  ,32.0,anna.martin@company.com,112944.0,Engineering,2023-02-26,San Diego
Mark Ortiz,25.0,mark.ortiz@company.com,67096.0,Customer Support,2023-09-02,Pittsburgh
Pamela Martin,54.0,pamela.martin@company.com,93474.0,Operations,2023-06-01,Phoenix
Joseph Edwards,48.0,joseph.edwards@company.com,85687.0,HR,2023-01-01,Phoenix
Barbara Smith,59.0,barbara.smith@company.com,67328.0,HR,2024-03-19,Miami
Timothy Brown,57.0,timothy.brown@company.com,47873.0,Customer Support,2023-10-02,San Antonio
  Matthew Edwards  ,37.0,matthew.edwards@company.com,102542.0,Customer Support,2023-01-30,Boston
Michael Lee,51.0,michael.lee@company.com,69656.0,Customer Support,2024-08-17,Los Angeles
  Margaret Stewart  ,63.0,margaret.stewart@company.com,101803.0,Customer Support,2024-12-18,Chicago
Emma Richardson,57.0,emma.richardson@company.com,42094.0,IT,2023-11-11,Portland
William Kim,54.0,william.kim@company.com,90792.0,Sales,2023-03-04,San Diego
Diane Flores,64.0,diane.flores@company.com,92507.0,Operations,2024-01-23,Miami
Margaret Morgan,30.0,margaret.morgan@company.com,57342.0,HR,2023-05-20,Chicago
Andrew Martin,62.0,andrew.martin@company.com,109430.0,Customer Support,2024-04-20,Minneapolis
Brandon Harris,49.0,brandon.harris@company.com,109524.0,IT,2024-01-21,New York
Karen Wood,32.0,karen.wood@company.com,37187.0,Customer Support,2023-12-11,Los Angeles
  Ruth Ramirez  ,55.0,ruth.ramirez@company.com,108644.0,Marketing,2023-06-19,San Diego
Jonathan Cruz,56.0,jonathan.cruz@company.com,40934.0,Engineering,2023-11-10,Miami
Jennifer Cox,59.0,jennifer.cox@company.com,72207.0,Finance,2024-06-16,Cleveland
Catherine Cooper,44.0,catherine.cooper@company.com,70465.0,Sales,2024-10-29,Portland
David Brown,30.0,david.brown@company.com,96659.0,Marketing,2024-09-23,New Orleans
Linda Chavez,37.0,linda.chavez@company.com,72204.0,Engineering,2024-12-26,San Jose
Gary Bennett,53.0,gary.bennett@company.com,73964.0,Sales,2024-01-14,Nashville
Michelle Bailey,47.0,michelle.bailey@company.com,100373.0,Marketing,2023-01-23,Chicago
Andrew Hughes,38.0,andrew.hughes@company.com,40701.0,Finance,2023-07-27,Columbus
Sarah Parker,32.0,sarah.parker@company.com,55889.0,Sales,2023-09-15,Minneapolis
Laura Cook,51.0,laura.cook@company.com,109204.0,Engineering,2024-09-21,Baltimore
Daniel Alvarez,45.0,daniel.alvarez@company.com,64013.0,HR,2024-11-10,Atlanta
Ashley Parker,26.0,ashley.parker@company.com,61544.0,IT,2023-09-19,San Francisco
Daniel Wright,60.0,daniel.wright@company.com,96253.0,HR,2024-01-30,Jacksonville
Michelle Castillo,47.0,michelle.castillo@company.com,104212.0,Sales,2023-05-26,Chicago
Edward Edwards,42.0,edward.edwards@company.com,87176.0,Operations,2023-04-23,Phoenix
Barbara Flores,32.0,barbara.flores@company.com,59693.0,Marketing,2023-01-24,Philadelphia
Emma Ruiz,44.0,emma.ruiz@company.com,43606.0,Marketing,2023-12-28,Seattle
Jeffrey Hill,46.0,jeffrey.hill@company.com,91430.0,Operations,2023-07-02,San Antonio
Samantha Cruz,55.0,samantha.cruz@company.com,54467.0,Engineering,2024-01-16,Chicago
Larry Hill,28.0,larry.hill@company.com,46634.0,Engineering,2024-07-17,Austin
Pamela Gray,46.0,pamela.gray@company.com,70885.0,Customer Support,2024-04-29,Phoenix
  Christopher Patel  ,22.0,christopher.patel@company.com,80912.0,Operations,2024-04-17,Charlotte
Elizabeth Morgan,52.0,elizabeth.morgan@company.com,109593.0,Engineering,2023-12-22,San Francisco
Richard Sanchez,45.0,richard.sanchez@company.com,57186.0,IT,2024-10-21,Columbus
Timothy Nguyen,64.0,timothy.nguyen@company.com,69783.0,Marketing,2023-06-25,Detroit
Debra Mendoza,57.0,debra.mendoza@company.com,42841.0,HR,2023-11-30,Chicago
Elizabeth Watson,30.0,elizabeth.watson@company.com,65702.0,Customer Support,2024-12-24,Nashville
Mary Rogers,29.0,mary.rogers@company.com,53968.0,Sales,2023-03-13,New Orleans
Ronald Edwards,39.0,ronald.edwards@company.com,57436.0,Marketing,2024-11-06,Jacksonville
Richard Smith,53.0,richard.smith@company.com,50537.0,Sales,2024-04-15,Memphis
Patrick Rivera,44.0,patrick.rivera@company.com,98264.0,HR,2023-01-29,Memphis
Jonathan Bennett,26.0,jonathan.bennett@company.com,68829.0,IT,2024-03-10,New York
Diane Adams,59.0,diane.adams@company.com,35871.0,IT,2024-08-26,Phoenix
Aaron Ruiz,37.0,aaron.ruiz@company.com,53215.0,Marketing,2023-12-21,Pittsburgh
Charles Martinez,46.0,charles.martinez@company.com,39110.0,Engineering,2023-03-07,Baltimore
Nicholas Clark,25.0,nicholas.clark@company.com,84984.0,HR,2023-12-14,Los Angeles
Karen Wood,38.0,karen.wood@company.com,112330.0,Marketing,2024-12-07,San Antonio
Frank Scott,44.0,frank.scott@company.com,93631.0,Customer Support,2024-03-26,Seattle
Jerry King,45.0,jerry.king@company.com,45231.0,Marketing,2023-11-15,San Antonio
Gary Young,53.0,gary.young@company.com,90129.0,Engineering,2024-01-21,San Francisco
Susan Williams,44.0,susan.williams@company.com,83196.0,Operations,2023-07-24,Indianapolis
Nancy Williams,35.0,nancy.williams@company.com,43782.0,Finance,2023-02-18,Columbus
Samuel Howard,28.0,samuel.howard@company.com,61923.0,Finance,2023-07-17,New York
Ruth Ramirez,23.0,ruth.ramirez@company.com,108555.0,Finance,2024-06-08,Los Angeles
Joseph Miller,49.0,joseph.miller@company.com,66218.0,Marketing,2024-12-23,Cleveland
Rebecca Adams,60.0,rebecca.adams@company.com,115217.0,Finance,2023-11-29,Dallas
Catherine Brown,64.0,catherine.brown@company.com,86961.0,Engineering,2023-04-06,Philadelphia
Frank Watson,50.0,frank.watson@company.com,70613.0,Operations,2023-05-17,Baltimore
Sharon Torres,27.0,sharon.torres@company.com,76638.0,HR,2024-01-29,Fort Worth
Carolyn Gray,47.0,carolyn.gray@company.com,85632.0,Customer Support,2023-08-03,Baltimore
Kathleen Johnson,44.0,kathleen.johnson@company.com,118522.0,Engineering,2024-11-11,San Antonio
,,,,,,
Donna Bailey,57.0,donna.bailey@company.com,82683.0,HR,2024-11-27,Dallas
Michelle Murphy,49.0,michelle.murphy@company.com,46828.0,Finance,2024-10-06,Memphis
Margaret Gray,38.0,margaret.gray@company.com,67997.0,Finance,2024-06-10,San Jose
Paul Perez,57.0,paul.perez@company.com,49568.0,Sales,2023-09-25,San Francisco
Edward Anderson,40.0,edward.anderson@company.com,52353.0,HR,2024-08-08,San Francisco
William Jones,42.0,william.jones@company.com,46998.0,IT,2024-08-26,New York
Brian Rogers,55.0,brian.rogers@company.com,44961.0,Engineering,2023-07-29,New Orleans
Joshua Richardson,53.0,joshua.richardson@company.com,116633.0,Operations,2024-05-15,Indianapolis
Janet Smith,42.0,janet.smith@company.com,111733.0,Marketing,2024-06-25,Atlanta
Emily Peterson,34.0,emily.peterson@company.com,113464.0,IT,2023-04-02,Austin
Brian Chavez,28.0,brian.chavez@company.com,93107.0,IT,2024-06-06,Chicago
Elizabeth Torres,38.0,elizabeth.torres@company.com,111561.0,Finance,2023-04-02,Seattle
Karen Evans,25.0,karen.evans@company.com,76324.0,Marketing,2023-03-09,Baltimore
Jerry Ortiz,46.0,jerry.ortiz@company.com,105167.0,Sales,2023-09-20,Denver
Benjamin Jackson,53.0,benjamin.jackson@company.com,49971.0,Finance,2024-10-12,Pittsburgh
John Roberts,28.0,john.roberts@company.com,98450.0,Marketing,2023-06-10,Indianapolis
Dorothy Allen,48.0,dorothy.allen@company.com,71490.0,Operations,2024-02-23,New York
John Collins,64.0,john.collins@company.com,79444.0,Operations,2023-11-17,Tampa
Margaret Patel,45.0,margaret.patel@company.com,112998.0,Customer Support,2024-10-03,Fort Worth
  Jessica Diaz  ,36.0,jessica.diaz@company.com,80077.0,Marketing,2024-03-14,San Jose
Kenneth Ruiz,33.0,kenneth.ruiz@company.com,77286.0,Engineering,2023-10-24,Austin
Heather Castillo,34.0,heather.castillo@company.com,96780.0,Finance,2023-05-06,Portland
Christine Cruz,46.0,christine.cruz@company.com,67255.0,Finance,2024-08-24,Portland
John Gray,26.0,john.gray@company.com,46465.0,HR,2024-05-15,Columbus
Angela White,27.0,angela.white@company.com,88956.0,Operations,2023-11-08,Denver
Emma Martin,28.0,emma.martin@company.com,41905.0,Sales,2023-04-15,San Jose
Steven Gomez,64.0,steven.gomez@company.com,62938.0,IT,2023-04-23,Jacksonville
Sandra Brooks,65.0,sandra.brooks@company.com,95220.0,Finance,2023-01-02,San Antonio
Gary Parker,34.0,gary.parker@company.com,104683.0,IT,2023-02-21,Seattle
Justin Alvarez,63.0,justin.alvarez@company.com,79051.0,IT,2024-11-27,Minneapolis
Mary Brooks,32.0,mary.brooks@company.com,69446.0,IT,2024-10-15,Philadelphia
Christopher Turner,36.0,christopher.turner@company.com,99106.0,Customer Support,2023-04-29,Seattle
Michelle Turner,50.0,michelle.turner@company.com,111761.0,Finance,2023-09-23,Phoenix
Amanda James,57.0,amanda.james@company.com,107591.0,Engineering,2023-12-15,Boston
Raymond Myers,40.0,raymond.myers@company.com,109577.0,Customer Support,2023-06-13,San Antonio
Richard Johnson,40.0,richard.johnson@company.com,108716.0,Customer Support,2023-08-11,San Francisco
Barbara Martinez,23.0,barbara.martinez@company.com,76723.0,Operations,2023-01-16,Detroit
Steven Ramos,37.0,steven.ramos@company.com,86399.0,Finance,2024-05-08,Charlotte
Daniel Flores,50.0,daniel.flores@company.com,96523.0,IT,2023-03-26,San Jose
Mary Taylor,36.0,mary.taylor@company.com,69621.0,HR,2024-04-26,Columbus
Anna Edwards,52.0,anna.edwards@company.com,104618.0,IT,2024-10-18,Boston
Anna Lee,45.0,anna.lee@company.com,72306.0,Customer Support,2023-01-18,Phoenix
Rebecca Reyes,43.0,rebecca.reyes@company.com,119614.0,IT,2024-04-28,Denver
Carol Sanchez,32.0,carol.sanchez@company.com,83799.0,Engineering,2023-10-14,Memphis
Samuel Perez,41.0,samuel.perez@company.com,118173.0,Finance,2024-03-01,Chicago
Dennis King,63.0,dennis.king@company.com,59521.0,Finance,2024-09-04,Minneapolis
Larry Murphy,28.0,larry.murphy@company.com,116608.0,HR,2023-03-18,Nashville
Anna Evans,62.0,anna.evans@company.com,66539.0,Finance,2023-02-24,San Francisco
Tyler Watson,25.0,tyler.watson@company.com,102548.0,Engineering,2023-02-22,San Diego
Cynthia Reed,51.0,cynthia.reed@company.com,58395.0,Operations,2024-11-29,Portland
Jacob Sanchez,41.0,jacob.sanchez@company.com,103812.0,Finance,2024-01-08,Austin
Ruth Howard,50.0,ruth.howard@company.com,59963.0,Finance,2024-03-02,Austin
Elizabeth Scott,49.0,elizabeth.scott@company.com,69935.0,Finance,2024-07-20,Portland
Carol Wright,56.0,carol.wright@company.com,91225.0,Sales,2024-02-27,Jacksonville
Jason Cooper,63.0,jason.cooper@company.com,35010.0,Sales,2023-04-24,Los Angeles
Stephanie Jackson,60.0,stephanie.jackson@company.com,106592.0,Finance,2024-12-16,Indianapolis
Andrew Jackson,52.0,andrew.jackson@company.com,99582.0,Engineering,2024-11-01,New Orleans
Christopher Reyes,63.0,christopher.reyes@company.com,87585.0,Sales,2024-02-05,Phoenix
Rebecca Flores,65.0,rebecca.flores@company.com,49843.0,Engineering,2023-05-02,Baltimore
Paul Scott,31.0,paul.scott@company.com,102904.0,Operations,2024-01-13,Dallas
Ruth Reed,54.0,ruth.reed@company.com,111694.0,Engineering,2024-11-22,Atlanta
Larry Gutierrez,27.0,larry.gutierrez@company.com,118469.0,Customer Support,2023-08-13,Jacksonville
Diane Patel,57.0,diane.patel@company.com,96399.0,HR,2024-04-08,Atlanta
Heather Morgan,47.0,heather.morgan@company.com,89439.0,Engineering,2023-09-24,Nashville
  Anthony Torres  ,60.0,anthony.torres@company.com,71493.0,Engineering,2024-08-14,Boston
Margaret Hernandez,62.0,margaret.hernandez@company.com,50391.0,Operations,2024-02-20,Baltimore
Heather Parker,64.0,heather.parker@company.com,64995.0,Marketing,2024-04-12,Pittsburgh
Gary Ward,59.0,gary.ward@company.com,44364.0,Marketing,2023-03-21,Denver
Nancy Bailey,57.0,nancy.bailey@company.com,36998.0,HR,2024-04-22,Miami
Thomas Thompson,30.0,thomas.thompson@company.com,42123.0,Sales,2024-12-03,Philadelphia
Betty King,36.0,betty.king@company.com,103367.0,Sales,2024-01-01,Jacksonville
Helen Jackson,61.0,helen.jackson@company.com,110689.0,HR,2023-08-22,Boston
Stephanie Gonzalez,37.0,stephanie.gonzalez@company.com,61255.0,Customer Support,2024-01-10,Phoenix
Benjamin Edwards,34.0,benjamin.edwards@company.com,53870.0,Engineering,2023-01-05,Cleveland
Deborah Adams,41.0,deborah.adams@company.com,43776.0,Sales,2024-12-10,Miami
Jack Roberts,40.0,jack.roberts@company.com,91825.0,Marketing,2024-02-17,Pittsburgh
Catherine Hernandez,32.0,catherine.hernandez@company.com,96305.0,Customer Support,2023-08-28,Charlotte
Raymond Davis,24.0,raymond.davis@company.com,116139.0,Customer Support,2024-09-08,Charlotte
Melissa Wilson,41.0,melissa.wilson@company.com,41984.0,Marketing,2024-02-29,Minneapolis
Brenda Chavez,35.0,brenda.chavez@company.com,112447.0,Operations,2023-04-23,Pittsburgh
Helen Wood,59.0,helen.wood@company.com,107606.0,Marketing,2024-10-07,Miami
Brenda Scott,59.0,brenda.scott@company.com,67548.0,Sales,2024-06-22,Atlanta
Sharon Wilson,27.0,sharon.wilson@company.com,65745.0,Finance,2024-02-14,Dallas
Aaron Sanders,65.0,aaron.sanders@company.com,57025.0,Customer Support,2024-12-18,San Jose
Lisa Flores,30.0,lisa.flores@company.com,79442.0,IT,2023-01-18,Indianapolis
Donald Chavez,26.0,donald.chavez@company.com,79646.0,HR,2024-12-08,Philadelphia
Kathleen Cox,48.0,kathleen.cox@company.com,35455.0,IT,2023-08-27,Boston
Catherine Hill,31.0,catherine.hill@company.com,105237.0,Operations,2023-08-15,Phoenix
Donna Gray,50.0,donna.gray@company.com,56100.0,Operations,2024-07-24,Phoenix
Kevin Young,38.0,kevin.young@company.com,50031.0,HR,2023-06-10,Austin
Jeffrey Flores,27.0,jeffrey.flores@company.com,40990.0,Engineering,2024-06-14,Detroit
Emma Cooper,23.0,emma.cooper@company.com,76676.0,Sales,2023-07-16,Tampa
Catherine Morgan,23.0,catherine.morgan@company.com,108328.0,Operations,2024-01-02,Fort Worth
Ronald Cruz,54.0,ronald.cruz@company.com,37132.0,Finance,2024-12-15,Charlotte
Ronald Scott,65.0,ronald.scott@company.com,42301.0,Marketing,2024-09-13,Chicago
William Lewis,32.0,william.lewis@company.com,115915.0,Operations,2023-08-23,Denver
Robert Myers,25.0,robert.myers@company.com,90865.0,HR,2023-09-09,San Jose
Edward Phillips,64.0,edward.phillips@company.com,68249.0,IT,2024-01-18,Columbus
Amy Perez,42.0,amy.perez@company.com,64356.0,Marketing,2024-08-09,San Francisco
Paul Baker,28.0,paul.baker@company.com,112385.0,Marketing,2023-01-14,Pittsburgh
Carol Gutierrez,40.0,carol.gutierrez@company.com,61528.0,Operations,2024-03-14,Denver
Emily Campbell,38.0,emily.campbell@company.com,114725.0,Engineering,2024-04-02,Philadelphia
Daniel Perez,39.0,daniel.perez@company.com,71780.0,Sales,2023-12-19,Baltimore
Patrick Bailey,32.0,patrick.bailey@company.com,101628.0,Sales,2023-09-29,Jacksonville
Christopher Martin,34.0,christopher.martin@company.com,107372.0,Finance,2024-03-18,Detroit
Carol Morales,43.0,carol.morales@company.com,65821.0,Sales,2023-01-21,Columbus
Linda Lewis,25.0,linda.lewis@company.com,38949.0,Finance,2023-02-04,San Diego
John Scott,25.0,john.scott@company.com,106335.0,Sales,2024-11-25,Indianapolis
Melissa Price,50.0,melissa.price@company.com,68665.0,HR,2023-07-20,Pittsburgh
Joshua Phillips,25.0,joshua.phillips@company.com,43328.0,HR,2024-01-15,San Jose
Matthew Parker,52.0,matthew.parker@company.com,94976.0,Operations,2024-09-16,Los Angeles
Gregory Young,23.0,gregory.young@company.com,39748.0,IT,2024-01-07,Cleveland
Matthew Rogers,44.0,matthew.rogers@company.com,94445.0,HR,2023-01-20,Los Angeles
Angela Jackson,46.0,angela.jackson@company.com,91277.0,Engineering,2023-09-13,Tampa
Amanda Young,30.0,amanda.young@company.com,93614.0,Operations,2024-11-12,New York
Sarah Baker,34.0,sarah.baker@company.com,35128.0,Operations,2023-01-29,San Francisco
Anthony Rodriguez,23.0,anthony.rodriguez@company.com,78387.0,Engineering,2024-06-06,Atlanta
Mary Nguyen,30.0,mary.nguyen@company.com,87499.0,Engineering,2023-05-23,Tampa
Betty Diaz,44.0,betty.diaz@company.com,119677.0,Customer Support,2023-09-22,San Jose
,,,,,,
Nancy Clark,46.0,nancy.clark@company.com,60961.0,Marketing,2023-09-26,Baltimore
Dennis Castillo,22.0,dennis.castillo@company.com,64626.0,Customer Support,2024-12-06,Miami
  Janet Clark  ,25.0,janet.clark@company.com,108172.0,Engineering,2023-08-06,Baltimore
Ryan Hernandez,51.0,ryan.hernandez@company.com,54057.0,IT,2024-09-04,Memphis
Timothy Harris,31.0,timothy.harris@company.com,103564.0,IT,2023-12-28,Seattle
Jerry Nguyen,28.0,jerry.nguyen@company.com,45498.0,HR,2023-06-04,Atlanta
Jeffrey King,48.0,jeffrey.king@company.com,75795.0,Customer Support,2024-07-26,Atlanta
Jack Phillips,42.0,jack.phillips@company.com,44897.0,Engineering,2023-10-27,Denver
Nicholas Lopez,57.0,nicholas.lopez@company.com,63668.0,HR,2023-05-26,Dallas
Joseph White,57.0,joseph.white@company.com,98217.0,Engineering,2023-06-02,Phoenix
Laura Wright,51.0,laura.wright@company.com,42027.0,IT,2024-02-03,Memphis
William Mitchell,47.0,william.mitchell@company.com,48107.0,Finance,2024-10-22,Austin
Tyler Smith,26.0,tyler.smith@company.com,71807.0,Sales,2024-12-18,San Antonio
Scott Parker,58.0,scott.parker@company.com,44910.0,Marketing,2023-02-01,Phoenix
Timothy Thompson,28.0,timothy.thompson@company.com,87099.0,Engineering,2023-02-11,Boston
Cynthia Baker,26.0,cynthia.baker@company.com,89712.0,Marketing,2024-04-12,Austin
Steven Lopez,50.0,steven.lopez@company.com,110828.0,Marketing,2024-02-02,Portland
Christopher Rodriguez,25.0,christopher.rodriguez@company.com,67593.0,IT,2024-05-28,San Antonio
George Johnson,44.0,george.johnson@company.com,97529.0,Engineering,2023-08-18,Miami
Angela Cox,44.0,angela.cox@company.com,54223.0,Finance,2023-03-14,Atlanta
Elizabeth Reed,58.0,elizabeth.reed@company.com,77534.0,Marketing,2024-06-24,Atlanta
Ashley Williams,61.0,ashley.williams@company.com,70728.0,Finance,2024-03-20,Miami
Kenneth Brown,48.0,kenneth.brown@company.com,76666.0,HR,2023-04-05,Detroit
Nancy Baker,60.0,nancy.baker@company.com,45994.0,IT,2024-10-14,Jacksonville
Susan Ramos,49.0,susan.ramos@company.com,81297.0,HR,2023-12-01,Dallas
Elizabeth Ortiz,39.0,elizabeth.ortiz@company.com,109084.0,Finance,2024-02-18,Minneapolis
  Maria Price  ,36.0,maria.price@company.com,102578.0,Engineering,2024-03-15,San Antonio
Anthony Morales,58.0,anthony.morales@company.com,70889.0,IT,2023-06-04,Atlanta
Michael Kelly,57.0,michael.kelly@company.com,37556.0,IT,2024-09-27,Memphis
Carol Peterson,33.0,carol.peterson@company.com,80691.0,Sales,2023-03-26,Denver
Alexander Flores,29.0,alexander.flores@company.com,51766.0,Operations,2023-01-23,San Antonio
Mark Jackson,65.0,mark.jackson@company.com,65530.0,IT,2024-10-09,Pittsburgh
Katherine Baker,34.0,katherine.baker@company.com,107298.0,Customer Support,2023-12-04,San Francisco
Sharon Wood,60.0,sharon.wood@company.com,69168.0,Marketing,2023-01-28,San Jose
Margaret Harris,39.0,margaret.harris@company.com,72307.0,Marketing,2024-03-01,Fort Worth
Jeffrey Evans,55.0,jeffrey.evans@company.com,89258.0,Sales,2023-10-21,Jacksonville
Heather Hughes,65.0,heather.hughes@company.com,77459.0,IT,2023-04-19,Columbus
Kevin King,22.0,kevin.king@company.com,55033.0,HR,2023-07-19,San Diego
Charles Ramirez,44.0,charles.ramirez@company.com,41014.0,Finance,2024-11-15,Pittsburgh
Helen Parker,50.0,helen.parker@company.com,117158.0,Sales,2024-03-11,San Diego
Mark Wilson,25.0,mark.wilson@company.com,55279.0,Marketing,2023-06-24,Indianapolis
Samantha Peterson,26.0,samantha.peterson@company.com,63933.0,Marketing,2023-11-22,Columbus
Joshua Gomez,64.0,joshua.gomez@company.com,39815.0,Marketing,2024-10-19,Dallas
  Steven Sanchez  ,35.0,steven.sanchez@company.com,112740.0,HR,2024-10-13,San Diego
Thomas Myers,58.0,thomas.myers@company.com,106284.0,Sales,2024-09-28,Miami
Jonathan Gomez,42.0,jonathan.gomez@company.com,49742.0,Finance,2024-08-29,Tampa
Jerry Hall,37.0,jerry.hall@company.com,84053.0,Engineering,2023-08-26,Columbus
Karen Ortiz,64.0,karen.ortiz@company.com,70382.0,Sales,2023-07-12,Seattle
Helen Price,54.0,helen.price@company.com,68086.0,IT,2024-04-25,Boston
Frank Smith,55.0,frank.smith@company.com,62281.0,Sales,2024-01-20,Phoenix
Edward Jones,47.0,edward.jones@company.com,109188.0,Customer Support,2023-10-21,Denver
Kathleen Ramos,31.0,kathleen.ramos@company.com,118333.0,HR,2023-06-01,Memphis
Charles Nguyen,36.0,charles.nguyen@company.com,58906.0,IT,2023-01-01,Phoenix
Paul Scott,31.0,paul.scott@company.com,102904.0,Operations,2024-01-13,Dallas
Pamela Scott,47.0,pamela.scott@company.com,46093.0,Sales,2023-05-30,San Francisco
Maria Kim,25.0,maria.kim@company.com,49821.0,Customer Support,2024-10-05,Chicago
Stephanie Campbell,33.0,stephanie.campbell@company.com,99260.0,Sales,2024-03-03,Detroit
Paul Campbell,60.0,paul.campbell@company.com,85850.0,Sales,2023-10-19,Nashville
Dennis Myers,57.0,dennis.myers@company.com,60078.0,Finance,2023-05-31,Atlanta
  Katherine Morris  ,57.0,katherine.morris@company.com,91059.0,Sales,2024-06-29,Phoenix
Angela Hill,36.0,angela.hill@company.com,117129.0,Sales,2023-06-12,San Jose
Heather Campbell,62.0,heather.campbell@company.com,85283.0,Customer Support,2023-10-21,Dallas
John Williams,47.0,john.williams@company.com,107837.0,Sales,2024-06-22,Pittsburgh
Debra Bennett,29.0,debra.bennett@company.com,97875.0,Engineering,2023-01-23,Boston
Donald Mitchell,56.0,donald.mitchell@company.com,67779.0,Sales,2024-01-12,Detroit
Gregory Martin,43.0,gregory.martin@company.com,91098.0,HR,2024-09-18,Charlotte
Gregory Sanchez,28.0,gregory.sanchez@company.com,117943.0,Sales,2023-09-12,New Orleans
Charles Murphy,28.0,charles.murphy@company.com,77178.0,Operations,2024-06-11,Phoenix
Margaret Edwards,36.0,margaret.edwards@company.com,110786.0,Engineering,2024-07-02,Charlotte
William Peterson,53.0,william.peterson@company.com,46626.0,Customer Support,2023-03-14,New York
James Gonzalez,58.0,james.gonzalez@company.com,99593.0,Operations,2023-01-20,Atlanta
Alexander Rogers,44.0,alexander.rogers@company.com,85015.0,Engineering,2024-08-27,Denver
Janet Ruiz,32.0,janet.ruiz@company.com,78803.0,Sales,2023-03-29,New Orleans
Gregory Jackson,44.0,gregory.jackson@company.com,36989.0,Finance,2024-07-26,Minneapolis
Maria Sanchez,63.0,maria.sanchez@company.com,90751.0,HR,2023-03-10,Indianapolis
,,,,,,
Brian Wright,52.0,brian.wright@company.com,97252.0,Sales,2024-07-02,New Orleans
Elizabeth Green,49.0,elizabeth.green@company.com,84362.0,HR,2024-09-11,Fort Worth
Melissa Harris,60.0,melissa.harris@company.com,113679.0,Sales,2023-09-23,Houston
Jeffrey Brown,33.0,jeffrey.brown@company.com,108329.0,IT,2024-06-29,Philadelphia
Angela Lopez,39.0,angela.lopez@company.com,97620.0,Customer Support,2024-03-22,San Diego
Nicholas Castillo,22.0,nicholas.castillo@company.com,53044.0,Engineering,2024-04-14,Chicago
Ryan Gonzalez,23.0,ryan.gonzalez@company.com,50895.0,Marketing,2023-01-15,New Orleans
Dorothy King,36.0,dorothy.king@company.com,59061.0,Finance,2024-10-03,Pittsburgh
Mark Ruiz,62.0,mark.ruiz@company.com,106865.0,Finance,2024-10-18,Atlanta
Joshua Sanders,42.0,joshua.sanders@company.com,101914.0,Customer Support,2024-06-15,San Francisco
Angela Gonzalez,22.0,angela.gonzalez@company.com,116519.0,IT,2023-11-06,Fort Worth
Helen Williams,43.0,helen.williams@company.com,44950.0,Sales,2023-04-10,Atlanta
Nicole Rodriguez,30.0,nicole.rodriguez@company.com,60562.0,Engineering,2024-11-22,New York
Jonathan Cooper,26.0,jonathan.cooper@company.com,66168.0,Customer Support,2023-07-31,Pittsburgh
Jason Walker,24.0,jason.walker@company.com,40700.0,Engineering,2023-03-27,San Antonio
Catherine Reyes,38.0,catherine.reyes@company.com,39467.0,Marketing,2023-08-07,Pittsburgh
Donald Hughes,41.0,donald.hughes@company.com,78417.0,Customer Support,2023-05-25,Atlanta
Frank Young,23.0,frank.young@company.com,52600.0,Customer Support,2024-07-12,New Orleans
Ashley Diaz,62.0,ashley.diaz@company.com,70104.0,Customer Support,2024-07-02,Jacksonville
Angela Castillo,29.0,angela.castillo@company.com,119503.0,Engineering,2023-11-26,San Francisco
Nicole Mitchell,26.0,nicole.mitchell@company.com,97038.0,HR,2023-06-29,Minneapolis
Christine Sanders,22.0,christine.sanders@company.com,104148.0,Finance,2023-09-27,Pittsburgh
Maria Reed,60.0,maria.reed@company.com,63928.0,HR,2023-06-16,San Diego
,,,,,,
Pamela Bennett,43.0,pamela.bennett@company.com,65132.0,Marketing,2023-12-31,Miami
Gregory Kelly,61.0,gregory.kelly@company.com,50401.0,Customer Support,2023-05-04,Nashville
Joshua Brooks,29.0,joshua.brooks@company.com,76996.0,Operations,2024-12-16,San Jose
Justin Williams,47.0,justin.williams@company.com,55856.0,IT,2024-07-16,Portland
Christopher Cruz,56.0,christopher.cruz@company.com,86341.0,Sales,2023-02-23,San Jose
Michael Bennett,60.0,michael.bennett@company.com,118250.0,IT,2024-06-18,Seattle
Robert Lee,48.0,robert.lee@company.com,100478.0,IT,2024-07-27,Minneapolis
Maria Richardson,55.0,maria.richardson@company.com,116336.0,Marketing,2024-10-24,Indianapolis
Kenneth Jackson,26.0,kenneth.jackson@company.com,95268.0,Operations,2023-11-22,Austin
  Barbara Carter  ,44.0,barbara.carter@company.com,81814.0,Customer Support,2023-09-24,Detroit
Rachel Cox,58.0,rachel.cox@company.com,106439.0,Engineering,2023-09-04,Minneapolis
Samantha Rivera,64.0,samantha.rivera@company.com,98922.0,Marketing,2024-04-06,Los Angeles
Gary Lopez,49.0,gary.lopez@company.com,83669.0,Sales,2024-02-27,San Francisco
Karen Edwards,47.0,karen.edwards@company.com,118263.0,Marketing,2024-04-01,Seattle
Diane Nguyen,56.0,diane.nguyen@company.com,91463.0,Marketing,2024-12-29,Minneapolis
Sandra Thomas,53.0,sandra.thomas@company.com,90477.0,Customer Support,2023-09-18,Denver
Benjamin Harris,35.0,benjamin.harris@company.com,103160.0,Engineering,2023-07-17,Chicago
Deborah Gomez,42.0,deborah.gomez@company.com,101223.0,HR,2023-04-05,Atlanta
Jonathan Hughes,40.0,jonathan.hughes@company.com,112430.0,Marketing,2023-06-30,Columbus
Matthew Hall,61.0,matthew.hall@company.com,69365.0,Sales,2023-08-23,Phoenix
Robert Alvarez,30.0,robert.alvarez@company.com,109499.0,Sales,2023-09-18,Philadelphia
Nicholas Reed,38.0,nicholas.reed@company.com,35850.0,Marketing,2024-02-20,Boston
Sarah Evans,27.0,sarah.evans@company.com,39045.0,Finance,2024-03-25,Atlanta
Nicholas Edwards,31.0,nicholas.edwards@company.com,114465.0,Operations,2024-12-06,New York
Lisa Scott,63.0,lisa.scott@company.com,48845.0,Engineering,2023-11-25,San Diego
Christopher Wood,27.0,christopher.wood@company.com,70317.0,Operations,2023-05-27,Cleveland
Barbara Allen,55.0,barbara.allen@company.com,70765.0,HR,2024-08-29,Columbus
Patrick Cook,51.0,patrick.cook@company.com,47961.0,Sales,2024-06-14,Austin
Karen Murphy,23.0,karen.murphy@company.com,68046.0,Engineering,2024-05-13,New York
  Samuel Alvarez  ,65.0,samuel.alvarez@company.com,85427.0,Finance,2023-10-06,Atlanta
Joseph Garcia,40.0,joseph.garcia@company.com,72562.0,IT,2024-01-23,New Orleans
Jeffrey King,37.0,jeffrey.king@company.com,95061.0,Engineering,2023-04-10,Houston
  Nancy Murphy  ,44.0,nancy.murphy@company.com,56339.0,Engineering,2024-12-14,Memphis
Barbara Collins,65.0,barbara.collins@company.com,115904.0,Finance,2024-03-02,Boston
Christine Reed,61.0,christine.reed@company.com,40977.0,HR,2023-03-19,Baltimore
Benjamin Sanders,29.0,benjamin.sanders@company.com,61876.0,HR,2023-06-30,Houston
Amanda Martin,44.0,amanda.martin@company.com,43099.0,Sales,2024-03-07,New Orleans
Laura Williams,60.0,laura.williams@company.com,84813.0,IT,2023-06-23,Baltimore
Laura Davis,53.0,laura.davis@company.com,63451.0,IT,2024-10-05,Boston
George Brown,39.0,george.brown@company.com,51522.0,HR,2023-07-25,Jacksonville
Kimberly Thompson,57.0,kimberly.thompson@company.com,56313.0,Customer Support,2024-06-21,Memphis
Scott Jackson,33.0,scott.jackson@company.com,66570.0,Sales,2024-02-16,Seattle
Larry Bennett,31.0,larry.bennett@company.com,54274.0,IT,2024-01-30,San Francisco
Carol Flores,33.0,carol.flores@company.com,110750.0,Engineering,2023-03-20,Charlotte
Paul Ramos,30.0,paul.ramos@company.com,69893.0,Marketing,2023-09-15,New Orleans
Kimberly Parker,51.0,kimberly.parker@company.com,65273.0,HR,2024-08-22,Philadelphia
Kimberly Sanchez,64.0,kimberly.sanchez@company.com,81408.0,Sales,2024-08-07,Dallas
Jonathan Mendoza,23.0,jonathan.mendoza@company.com,59479.0,Finance,2024-04-17,Columbus
Michael Gray,64.0,michael.gray@company.com,43929.0,Sales,2024-05-01,Portland
Lisa Sanders,56.0,lisa.sanders@company.com,110064.0,Marketing,2023-08-16,San Jose
Brenda Sanchez,22.0,brenda.sanchez@company.com,60117.0,Engineering,2024-06-08,New York
Diane Scott,44.0,diane.scott@company.com,68688.0,Marketing,2023-04-16,Dallas
Sharon Hall,39.0,sharon.hall@company.com,61085.0,IT,2023-09-17,New York
Edward Evans,24.0,edward.evans@company.com,56505.0,Engineering,2023-12-18,Minneapolis
William Morgan,43.0,william.morgan@company.com,84684.0,Marketing,2024-05-15,Charlotte
Carol Ortiz,57.0,carol.ortiz@company.com,57488.0,HR,2024-11-01,Cleveland
Helen Gonzalez,60.0,helen.gonzalez@company.com,36507.0,Finance,2024-07-02,Boston
David Turner,44.0,david.turner@company.com,83115.0,Marketing,2023-05-16,Pittsburgh
  Stephen Harris  ,56.0,stephen.harris@company.com,64859.0,HR,2024-12-03,Charlotte
Jason Campbell,40.0,jason.campbell@company.com,71235.0,Operations,2023-11-10,Fort Worth
Emily Flores,50.0,emily.flores@company.com,80043.0,Operations,2023-07-02,Houston
Catherine Perez,31.0,catherine.perez@company.com,96478.0,IT,2024-03-24,Detroit
Donald Reyes,25.0,donald.reyes@company.com,113427.0,Customer Support,2024-04-26,Chicago
Ruth Bailey,26.0,ruth.bailey@company.com,62114.0,HR,2024-10-23,Indianapolis
Kevin Lewis,26.0,kevin.lewis@company.com,75485.0,Operations,2024-02-05,Miami
Aaron Hernandez,45.0,aaron.hernandez@company.com,109257.0,Sales,2024-10-19,New York
Amy Howard,64.0,amy.howard@company.com,82666.0,Engineering,2024-10-03,Minneapolis
Anna Bailey,33.0,anna.bailey@company.com,73751.0,Finance,2024-06-23,Denver
Donald Lewis,45.0,donald.lewis@company.com,79893.0,Operations,2023-03-28,Portland
Heather Williams,34.0,heather.williams@company.com,48907.0,Engineering,2024-07-12,Charlotte
Susan Hernandez,26.0,susan.hernandez@company.com,50880.0,Marketing,2024-06-22,Columbus
Ashley Walker,38.0,ashley.walker@company.com,43344.0,Marketing,2024-05-04,Houston
Helen Jones,49.0,helen.jones@company.com,87819.0,Marketing,2024-01-01,Minneapolis
Kevin Morgan,45.0,kevin.morgan@company.com,43548.0,Marketing,2024-12-26,Dallas
Ruth Jackson,52.0,ruth.jackson@company.com,36058.0,HR,2023-11-19,San Antonio
Michelle Stewart,31.0,michelle.stewart@company.com,115010.0,Finance,2024-03-08,San Francisco
Samantha Diaz,29.0,samantha.diaz@company.com,84314.0,Operations,2024-07-06,San Diego
Michelle Young,64.0,michelle.young@company.com,84256.0,Operations,2024-11-11,Cleveland
  Karen Turner  ,24.0,karen.turner@company.com,42892.0,HR,2023-04-14,Seattle
Heather Murphy,34.0,heather.murphy@company.com,36185.0,Marketing,2023-08-23,Baltimore
Donna Williams,61.0,donna.williams@company.com,81792.0,Sales,2024-10-27,Boston
Samuel Morris,51.0,samuel.morris@company.com,115011.0,Operations,2024-06-22,Minneapolis
Margaret Hernandez,42.0,margaret.hernandez@company.com,39798.0,Sales,2024-08-28,San Diego
Janet Chavez,38.0,janet.chavez@company.com,82963.0,Engineering,2023-02-19,Dallas
Andrew Phillips,25.0,andrew.phillips@company.com,58143.0,Engineering,2023-07-27,Minneapolis
Thomas Wright,27.0,thomas.wright@company.com,63362.0,IT,2023-01-02,Nashville
Brandon Harris,56.0,brandon.harris@company.com,78923.0,Operations,2023-01-11,Memphis
Kevin Howard,32.0,kevin.howard@company.com,71892.0,Marketing,2024-07-24,Indianapolis
Gregory Allen,28.0,gregory.allen@company.com,54825.0,HR,2024-07-17,San Antonio
Thomas Nguyen,38.0,thomas.nguyen@company.com,71516.0,IT,2023-06-16,Fort Worth
Frank Green,32.0,frank.green@company.com,114868.0,Marketing,2024-04-01,Boston
Dorothy Garcia,56.0,dorothy.garcia@company.com,49776.0,Operations,2024-10-07,Pittsburgh
Larry Sanders,50.0,larry.sanders@company.com,71101.0,Sales,2024-03-06,San Francisco
Dorothy Evans,62.0,dorothy.evans@company.com,51100.0,Sales,2023-12-28,Memphis
Brandon Rodriguez,22.0,brandon.rodriguez@company.com,98123.0,Engineering,2023-02-11,Los Angeles
Benjamin Torres,63.0,benjamin.torres@company.com,114987.0,Marketing,2023-12-04,Houston
Tyler Morris,31.0,tyler.morris@company.com,94594.0,Customer Support,2023-03-31,Fort Worth
Ronald Edwards,52.0,ronald.edwards@company.com,97185.0,Operations,2023-05-11,Dallas
Mary Stewart,44.0,mary.stewart@company.com,39229.0,Customer Support,2024-05-03,Portland
Mary Chavez,35.0,mary.chavez@company.com,88419.0,Operations,2023-09-15,Cleveland
Jack Gutierrez,42.0,jack.gutierrez@company.com,39619.0,Sales,2024-10-12,Austin
Jessica Clark,43.0,jessica.clark@company.com,55719.0,IT,2024-04-30,Denver
Emma Taylor,59.0,emma.taylor@company.com,115072.0,Operations,2024-06-24,Seattle
Pamela Thompson,62.0,pamela.thompson@company.com,53065.0,Customer Support,2023-06-18,Houston
Nicholas Scott,26.0,nicholas.scott@company.com,36583.0,IT,2024-07-19,Atlanta
Anna Campbell,31.0,anna.campbell@company.com,67844.0,Finance,2024-09-06,Minneapolis
Kathleen Thompson,36.0,kathleen.thompson@company.com,113251.0,Marketing,2023-01-16,Pittsburgh
Charles Smith,57.0,charles.smith@company.com,56986.0,Engineering,2023-04-05,Portland
Angela Phillips,29.0,angela.phillips@company.com,66587.0,IT,2024-08-11,New York
Jonathan Ramos,31.0,jonathan.ramos@company.com,63082.0,HR,2024-10-22,Miami
Brenda James,64.0,brenda.james@company.com,116644.0,Finance,2023-07-24,Chicago
Jennifer Miller,40.0,jennifer.miller@company.com,68523.0,Engineering,2023-04-29,Cleveland
Diane Kelly,23.0,diane.kelly@company.com,68420.0,Marketing,2023-10-31,Los Angeles
Thomas Taylor,36.0,thomas.taylor@company.com,42601.0,IT,2024-03-20,Pittsburgh
  Raymond Torres  ,50.0,raymond.torres@company.com,115113.0,Sales,2024-04-14,San Diego
Frank Edwards,53.0,frank.edwards@company.com,67141.0,IT,2024-05-30,San Francisco
Katherine Brown,39.0,katherine.brown@company.com,40463.0,IT,2023-08-24,San Francisco
Nicholas Martin,45.0,nicholas.martin@company.com,67805.0,Operations,2024-08-14,Baltimore
Anna Cruz,53.0,anna.cruz@company.com,44521.0,Operations,2024-03-27,Miami
Kimberly Reed,24.0,kimberly.reed@company.com,46888.0,Sales,2024-01-24,Columbus
Rebecca Mendoza,40.0,rebecca.mendoza@company.com,101583.0,Operations,2023-11-23,New Orleans
Raymond Brooks,39.0,raymond.brooks@company.com,102771.0,Operations,2023-03-08,Baltimore
Elizabeth Turner,56.0,elizabeth.turner@company.com,109696.0,Marketing,2023-02-18,Cleveland
Donna Kelly,28.0,donna.kelly@company.com,110784.0,Engineering,2024-05-10,San Diego
Daniel Castillo,22.0,daniel.castillo@company.com,103588.0,Operations,2023-11-30,Houston
Charles Gomez,41.0,charles.gomez@company.com,90785.0,Finance,2023-09-01,Seattle
Jessica Carter,55.0,jessica.carter@company.com,101726.0,Engineering,2024-08-09,San Diego
Kimberly Bennett,25.0,kimberly.bennett@company.com,52951.0,Operations,2024-11-23,Cleveland
Brandon Ortiz,61.0,brandon.ortiz@company.com,47658.0,Marketing,2023-09-22,Portland
Dennis Perez,29.0,dennis.perez@company.com,46626.0,Operations,2023-05-15,Portland
Cynthia Phillips,30.0,cynthia.phillips@company.com,105709.0,Marketing,2023-10-17,Fort Worth
Jerry Howard,47.0,jerry.howard@company.com,106527.0,Customer Support,2024-06-27,Denver
  Angela Gomez  ,50.0,angela.gomez@company.com,42540.0,IT,2024-08-20,San Diego
Edward Gray,35.0,edward.gray@company.com,64668.0,Marketing,2024-04-18,Los Angeles
Anthony Martinez,58.0,anthony.martinez@company.com,56613.0,HR,2024-09-08,Memphis
Janet Edwards,58.0,janet.edwards@company.com,117236.0,Finance,2024-06-13,Denver
Catherine Jones,55.0,catherine.jones@company.com,76100.0,Finance,2024-08-28,Houston
Kevin Morales,63.0,kevin.morales@company.com,81213.0,Sales,2023-03-18,Chicago
Emily King,27.0,emily.king@company.com,74837.0,Finance,2023-04-15,Baltimore
Kevin Johnson,27.0,kevin.johnson@company.com,43451.0,Marketing,2024-10-28,Los Angeles
Jennifer Ward,38.0,jennifer.ward@company.com,95362.0,Customer Support,2023-11-21,Los Angeles
Jacob Stewart,43.0,jacob.stewart@company.com,43963.0,Customer Support,2024-10-17,Indianapolis
Stephen Rodriguez,65.0,stephen.rodriguez@company.com,107746.0,Operations,2023-08-17,Boston
Ryan Martin,43.0,ryan.martin@company.com,94726.0,IT,2023-12-01,Dallas
Jerry Ward,55.0,jerry.ward@company.com,112302.0,Operations,2024-06-02,Philadelphia
Debra Williams,46.0,debra.williams@company.com,94749.0,Engineering,2024-05-13,Memphis
Stephanie Smith,60.0,stephanie.smith@company.com,108422.0,HR,2023-06-04,Austin
  Debra Roberts  ,64.0,debra.roberts@company.com,113145.0,Marketing,2023-04-13,Seattle
Rebecca Chavez,53.0,rebecca.chavez@company.com,37435.0,HR,2024-04-10,Seattle
Joshua Gray,59.0,joshua.gray@company.com,79634.0,Customer Support,2024-10-08,Chicago
Mark Robinson,53.0,mark.robinson@company.com,68273.0,HR,2023-08-09,Atlanta
Jerry Flores,57.0,jerry.flores@company.com,38511.0,Marketing,2024-01-30,Jacksonville
Heather Reyes,58.0,heather.reyes@company.com,98144.0,Sales,2024-06-21,Pittsburgh
Ronald Ramos,60.0,ronald.ramos@company.com,86982.0,HR,2024-05-24,Memphis
Betty Ramos,49.0,betty.ramos@company.com,102818.0,HR,2023-03-04,Atlanta
Daniel Parker,40.0,daniel.parker@company.com,68502.0,HR,2023-08-16,Chicago
Nicholas Young,46.0,nicholas.young@company.com,108677.0,Operations,2023-08-13,Philadelphia
Emma James,33.0,emma.james@company.com,93981.0,Customer Support,2024-10-05,Tampa
Edward Richardson,36.0,edward.richardson@company.com,72445.0,IT,2023-08-26,Fort Worth
Donald Myers,46.0,donald.myers@company.com,43855.0,Engineering,2024-05-27,Philadelphia
Cynthia Thomas,32.0,cynthia.thomas@company.com,111856.0,IT,2023-11-07,Columbus
Brandon Ramos,50.0,brandon.ramos@company.com,42604.0,Operations,2024-01-19,Columbus
Donna Stewart,46.0,donna.stewart@company.com,111212.0,Marketing,2024-12-31,Fort Worth
Jennifer Lewis,60.0,jennifer.lewis@company.com,65977.0,IT,2024-03-01,Los Angeles
Ronald Davis,56.0,ronald.davis@company.com,105555.0,Finance,2024-05-06,Cleveland
Donna Bailey,42.0,donna.bailey@company.com,54941.0,Customer Support,2023-09-16,Atlanta
Paul Gray,61.0,paul.gray@company.com,101932.0,IT,2023-01-18,Memphis
Pamela Smith,45.0,pamela.smith@company.com,94200.0,Operations,2024-06-14,Chicago
Tyler Lee,48.0,tyler.lee@company.com,85846.0,IT,2023-07-21,Tampa
Jennifer Nguyen,33.0,jennifer.nguyen@company.com,90223.0,Marketing,2023-05-03,Tampa
Jeffrey Cox,24.0,jeffrey.cox@company.com,49725.0,Marketing,2023-06-14,Indianapolis
Benjamin Price,49.0,benjamin.price@company.com,42261.0,Sales,2024-10-30,Nashville
Christopher Parker,45.0,christopher.parker@company.com,92620.0,HR,2024-06-19,San Diego
Kathleen Davis,37.0,kathleen.davis@company.com,39571.0,Sales,2023-12-09,Tampa
John Cook,46.0,john.cook@company.com,72716.0,Marketing,2023-05-15,Cleveland
Joseph Lewis,65.0,joseph.lewis@company.com,109790.0,Finance,2024-03-22,Charlotte
George James,61.0,george.james@company.com,117416.0,HR,2024-04-14,San Francisco
Patricia Bennett,37.0,patricia.bennett@company.com,66599.0,Operations,2023-06-11,Pittsburgh
Linda Lee,36.0,linda.lee@company.com,109109.0,Marketing,2024-05-13,Austin
Cynthia Davis,31.0,cynthia.davis@company.com,93835.0,Engineering,2024-04-22,Boston
Aaron Gutierrez,53.0,aaron.gutierrez@company.com,68305.0,Finance,2024-10-05,Baltimore
Mary King,63.0,mary.king@company.com,104987.0,Sales,2023-08-06,Los Angeles
Brenda Richardson,39.0,brenda.richardson@company.com,81726.0,IT,2023-04-20,Pittsburgh
Samantha Cooper,37.0,samantha.cooper@company.com,78193.0,Marketing,2024-07-29,Tampa
Helen Wood,35.0,helen.wood@company.com,37941.0,Customer Support,2024-06-17,Miami
Melissa Rogers,23.0,melissa.rogers@company.com,101797.0,HR,2023-12-20,Philadelphia
Emily Green,60.0,emily.green@company.com,119209.0,Finance,2023-11-24,Minneapolis
Carol Kelly,38.0,carol.kelly@company.com,59285.0,Engineering,2024-08-21,Seattle
Patricia Cruz,40.0,patricia.cruz@company.com,35705.0,Customer Support,2024-10-27,Tampa
Amanda Miller,58.0,amanda.miller@company.com,70460.0,Customer Support,2023-11-07,New York
Ronald Reed,47.0,ronald.reed@company.com,57108.0,Operations,2023-08-21,Charlotte
Anthony Parker,60.0,anthony.parker@company.com,42864.0,Customer Support,2024-06-10,Philadelphia
James Thomas,61.0,james.thomas@company.com,47828.0,Sales,2024-09-11,Cleveland
Donna Cox,52.0,donna.cox@company.com,113126.0,Sales,2024-06-13,New York
Richard Harris,41.0,richard.harris@company.com,103544.0,Finance,2024-11-15,Tampa
Barbara Morris,65.0,barbara.morris@company.com,62326.0,Engineering,2024-11-24,Atlanta
William Kim,46.0,william.kim@company.com,58644.0,HR,2024-08-19,Chicago
Timothy Harris,56.0,timothy.harris@company.com,110115.0,IT,2024-11-29,Austin
Richard Richardson,54.0,richard.richardson@company.com,72864.0,HR,2023-12-21,Atlanta
James Martinez,28.0,james.martinez@company.com,76810.0,Finance,2024-06-02,San Francisco
Patricia Ward,53.0,patricia.ward@company.com,47325.0,Engineering,2024-09-23,Miami
Kevin Alvarez,61.0,kevin.alvarez@company.com,86201.0,IT,2023-03-10,Philadelphia
Catherine Wood,29.0,catherine.wood@company.com,84817.0,Sales,2024-03-08,Tampa
Samuel Moore,60.0,samuel.moore@company.com,35908.0,Operations,2023-10-11,New Orleans
Jeffrey White,37.0,jeffrey.white@company.com,101918.0,Marketing,2024-08-26,New York
  Donna Phillips  ,62.0,donna.phillips@company.com,91470.0,Customer Support,2024-04-11,Denver
  Charles Anderson  ,63.0,charles.anderson@company.com,119812.0,HR,2024-07-21,Charlotte
Lisa Morgan,44.0,lisa.morgan@company.com,40369.0,Engineering,2023-04-21,New York
Cynthia Ramirez,34.0,cynthia.ramirez@company.com,111099.0,Engineering,2023-04-01,San Diego
Carolyn Evans,49.0,carolyn.evans@company.com,53097.0,Sales,2024-04-08,Columbus
Tyler Thomas,63.0,tyler.thomas@company.com,78963.0,Finance,2024-09-20,Fort Worth
Mark Parker,30.0,mark.parker@company.com,75347.0,Sales,2023-12-01,San Diego
Brenda Anderson,54.0,brenda.anderson@company.com,61355.0,Finance,2024-01-10,San Diego
Michelle Moore,37.0,michelle.moore@company.com,102749.0,Engineering,2023-11-25,Nashville
Donna Rivera,46.0,donna.rivera@company.com,49809.0,Sales,2024-10-18,Columbus
Dennis Ramos,49.0,dennis.ramos@company.com,50260.0,Customer Support,2023-03-08,Boston
Jeffrey Gomez,44.0,jeffrey.gomez@company.com,76995.0,Finance,2024-08-12,San Jose
Helen Gomez,44.0,helen.gomez@company.com,102051.0,IT,2024-07-23,Columbus
Margaret Roberts,59.0,margaret.roberts@company.com,39802.0,Marketing,2024-05-08,Nashville
Rebecca Peterson,59.0,rebecca.peterson@company.com,102214.0,Marketing,2023-09-30,San Francisco
Donna Lee,49.0,donna.lee@company.com,78855.0,Engineering,2024-01-07,San Antonio
Nancy Edwards,65.0,nancy.edwards@company.com,95872.0,Sales,2023-11-13,Dallas
Jessica Ruiz,55.0,jessica.ruiz@company.com,42912.0,Sales,2024-11-06,Minneapolis
Joseph Rivera,56.0,joseph.rivera@company.com,40027.0,IT,2024-09-16,Philadelphia
Kevin Wood,61.0,kevin.wood@company.com,36344.0,Customer Support,2023-07-24,Dallas
Christine Parker,37.0,christine.parker@company.com,97597.0,Sales,2023-09-27,Miami
Jason Gutierrez,37.0,jason.gutierrez@company.com,60418.0,Customer Support,2024-12-19,Indianapolis
Kenneth Anderson,64.0,kenneth.anderson@company.com,70510.0,Operations,2024-08-03,Houston
Jonathan Hughes,28.0,jonathan.hughes@company.com,51186.0,Marketing,2023-08-11,Chicago
Donna Sanders,32.0,donna.sanders@company.com,70912.0,Customer Support,2023-10-22,Minneapolis
Patricia Turner,64.0,patricia.turner@company.com,48407.0,Engineering,2024-03-07,Seattle
Paul Cruz,42.0,paul.cruz@company.com,90794.0,Engineering,2023-02-11,Memphis
Sharon Ruiz,57.0,sharon.ruiz@company.com,65835.0,Engineering,2024-08-31,Seattle
Jacob Roberts,25.0,jacob.roberts@company.com,82045.0,Customer Support,2023-10-20,New York
Angela Martin,28.0,angela.martin@company.com,63769.0,Engineering,2023-12-07,Phoenix
David Richardson,59.0,david.richardson@company.com,97182.0,IT,2024-10-11,Portland
Jennifer Diaz,45.0,jennifer.diaz@company.com,88498.0,HR,2023-02-06,Austin
  Anthony Price  ,58.0,anthony.price@company.com,70424.0,Marketing,2023-01-04,New Orleans
Charles Wood,34.0,charles.wood@company.com,53142.0,HR,2024-03-27,Fort Worth
Margaret Campbell,63.0,margaret.campbell@company.com,83226.0,HR,2024-09-22,Miami
Kevin Garcia,44.0,kevin.garcia@company.com,53575.0,Marketing,2023-12-24,San Diego
Jacob Wood,37.0,jacob.wood@company.com,119586.0,Operations,2024-05-10,Dallas
James Collins,32.0,james.collins@company.com,43039.0,Customer Support,2023-08-11,Austin
  Anna Murphy  ,26.0,anna.murphy@company.com,48113.0,Operations,2023-01-10,San Antonio
Helen Bennett,58.0,helen.bennett@company.com,76284.0,HR,2024-10-06,San Diego
Kevin Baker,50.0,kevin.baker@company.com,76224.0,Sales,2024-04-05,Phoenix
Margaret Roberts,36.0,margaret.roberts@company.com,71956.0,Finance,2024-09-23,Miami
Gary Smith,40.0,gary.smith@company.com,59759.0,Finance,2023-05-04,New York
Jonathan Morgan,25.0,jonathan.morgan@company.com,58043.0,Customer Support,2023-10-27,Columbus
Elizabeth Perez,30.0,elizabeth.perez@company.com,65264.0,Customer Support,2023-11-02,Chicago
Joshua Ortiz,57.0,joshua.ortiz@company.com,97636.0,Customer Support,2024-12-14,Chicago
Emily Kim,39.0,emily.kim@company.com,75649.0,Sales,2023-06-23,Nashville
Elizabeth Rodriguez,37.0,elizabeth.rodriguez@company.com,80874.0,Marketing,2023-04-10,San Jose
Pamela Thompson,26.0,pamela.thompson@company.com,116911.0,IT,2023-05-20,Chicago
Deborah Cox,52.0,deborah.cox@company.com,78475.0,IT,2024-03-29,Nashville
Steven Hall,60.0,steven.hall@company.com,107171.0,Operations,2023-11-15,New Orleans
Cynthia Ruiz,26.0,cynthia.ruiz@company.com,77698.0,Engineering,2023-04-03,Tampa
Lisa Cox,55.0,lisa.cox@company.com,107889.0,Operations,2024-03-11,Indianapolis
Joseph Robinson,48.0,joseph.robinson@company.com,71472.0,Engineering,2024-08-10,Columbus
Sharon Cox,44.0,sharon.cox@company.com,47573.0,Engineering,2023-09-29,Baltimore
Emma Martin,52.0,emma.martin@company.com,86653.0,Sales,2024-10-13,Boston
Dennis Brooks,46.0,dennis.brooks@company.com,52267.0,Engineering,2023-05-29,San Jose
Samuel Thomas,32.0,samuel.thomas@company.com,73180.0,Sales,2023-03-18,San Jose
William Chavez,44.0,william.chavez@company.com,103758.0,Customer Support,2023-11-29,Tampa
Kevin Ortiz,23.0,kevin.ortiz@company.com,38625.0,Sales,2023-09-16,Phoenix
Charles Lewis,41.0,charles.lewis@company.com,63510.0,Engineering,2023-04-15,Memphis
Brenda Brown,37.0,brenda.brown@company.com,117150.0,Marketing,2024-12-04,Cleveland
Sandra Edwards,26.0,sandra.edwards@company.com,90183.0,Customer Support,2023-10-11,Atlanta
Daniel Chavez,49.0,daniel.chavez@company.com,97966.0,Engineering,2024-03-07,Detroit
Jennifer Hernandez,45.0,jennifer.hernandez@company.com,109844.0,Operations,2023-01-17,Boston
Benjamin Bailey,47.0,benjamin.bailey@company.com,72958.0,IT,2024-12-03,Philadelphia
Ruth Richardson,52.0,ruth.richardson@company.com,83607.0,HR,2024-10-11,Austin
Kevin Thomas,53.0,kevin.thomas@company.com,106250.0,Operations,2024-02-29,Austin
Jessica Hernandez,56.0,jessica.hernandez@company.com,41694.0,Finance,2024-03-08,San Jose
Jacob Murphy,57.0,jacob.murphy@company.com,60504.0,Finance,2024-04-05,Columbus
Kenneth Rivera,39.0,kenneth.rivera@company.com,88653.0,IT,2023-04-20,San Diego
Anthony Cox,65.0,anthony.cox@company.com,55723.0,Finance,2023-05-13,San Antonio
Cynthia Rogers,40.0,cynthia.rogers@company.com,92378.0,Sales,2023-02-05,San Jose
Charles Kelly,55.0,charles.kelly@company.com,100468.0,Marketing,2023-10-23,Pittsburgh
Brenda Reed,48.0,brenda.reed@company.com,98427.0,Sales,2024-06-17,Miami
Heather Hall,37.0,heather.hall@company.com,40176.0,Finance,2023-12-24,Jacksonville
Melissa Martinez,34.0,melissa.martinez@company.com,110425.0,Finance,2024-05-17,Indianapolis
Frank Morales,50.0,frank.morales@company.com,71037.0,Engineering,2023-12-11,New York
Linda Miller,63.0,linda.miller@company.com,83401.0,Engineering,2024-04-27,Indianapolis
Kathleen Cook,24.0,kathleen.cook@company.com,104451.0,Operations,2023-04-09,Austin
Dorothy Anderson,26.0,dorothy.anderson@company.com,64451.0,Finance,2023-11-19,Tampa
Laura Thomas,23.0,laura.thomas@company.com,54867.0,Engineering,2023-02-10,San Francisco
Linda Cox,26.0,linda.cox@company.com,88397.0,Customer Support,2023-03-23,Austin
Anthony Morris,28.0,anthony.morris@company.com,98484.0,Finance,2024-03-21,Philadelphia
Ryan Ortiz,33.0,ryan.ortiz@company.com,43595.0,Finance,2023-07-22,Austin
David Howard,46.0,david.howard@company.com,64852.0,Engineering,2023-12-05,San Diego
Jeffrey Lewis,55.0,jeffrey.lewis@company.com,110295.0,Engineering,2023-12-08,Chicago
Jennifer Ward,22.0,jennifer.ward@company.com,91326.0,Finance,2023-10-19,Cleveland
Karen Smith,64.0,karen.smith@company.com,111818.0,Sales,2024-08-14,Tampa
Samuel Allen,32.0,samuel.allen@company.com,35433.0,HR,2024-03-27,Detroit
Donna Davis,34.0,donna.davis@company.com,79295.0,Operations,2023-02-25,Pittsburgh
Daniel Lopez,31.0,daniel.lopez@company.com,80870.0,Marketing,2023-01-09,Minneapolis
Anthony Morris,48.0,anthony.morris@company.com,57407.0,Engineering,2024-04-22,Houston
Ronald King,45.0,ronald.king@company.com,72588.0,Marketing,2023-07-17,Boston
Linda Hall,22.0,linda.hall@company.com,91340.0,IT,2024-01-07,Portland
Alexander Mitchell,55.0,alexander.mitchell@company.com,110073.0,Operations,2024-02-27,Memphis
Shirley Miller,32.0,shirley.miller@company.com,71390.0,Operations,2023-06-16,Los Angeles
Anna Price,24.0,anna.price@company.com,105731.0,Sales,2024-06-17,Cleveland
Michelle Phillips,57.0,michelle.phillips@company.com,113626.0,HR,2024-03-17,Atlanta
Eric Smith,23.0,eric.smith@company.com,48767.0,HR,2024-07-10,San Antonio
Jeffrey Cox,40.0,jeffrey.cox@company.com,79201.0,Engineering,2024-10-13,Tampa
Paul Young,41.0,paul.young@company.com,66341.0,Sales,2023-04-26,Miami
Sandra Garcia,27.0,sandra.garcia@company.com,53104.0,Operations,2023-10-25,Los Angeles
Catherine Martin,47.0,catherine.martin@company.com,53313.0,Sales,2023-04-21,Jacksonville
Alexander Hughes,45.0,alexander.hughes@company.com,59822.0,HR,2023-02-11,Dallas
Maria Harris,38.0,maria.harris@company.com,60144.0,Operations,2023-10-04,Portland
Mary Nelson,42.0,mary.nelson@company.com,108312.0,Finance,2024-12-22,Atlanta
Jonathan Cruz,45.0,jonathan.cruz@company.com,105060.0,HR,2024-03-07,Charlotte
Stephanie Wood,39.0,stephanie.wood@company.com,114063.0,Sales,2024-11-18,Nashville
Betty Johnson,48.0,betty.johnson@company.com,48743.0,Engineering,2024-07-31,Dallas
Michelle Martin,54.0,michelle.martin@company.com,103025.0,Sales,2023-09-22,Memphis
Jerry Cooper,60.0,jerry.cooper@company.com,57331.0,Marketing,2023-01-12,San Jose
Betty Smith,59.0,betty.smith@company.com,117898.0,Sales,2024-09-03,Chicago
Katherine Sanchez,49.0,katherine.sanchez@company.com,54863.0,IT,2023-09-01,Fort Worth
Michelle Carter,55.0,michelle.carter@company.com,54446.0,Operations,2023-11-01,Indianapolis
James Hernandez,34.0,james.hernandez@company.com,93484.0,Engineering,2024-06-19,Seattle
Donald Murphy,52.0,donald.murphy@company.com,43232.0,Marketing,2023-11-17,Portland
Nicholas Thomas,33.0,nicholas.thomas@company.com,36117.0,Sales,2023-03-05,Philadelphia
Rachel Gonzalez,56.0,rachel.gonzalez@company.com,78691.0,Marketing,2023-11-14,Austin
Richard Baker,49.0,richard.baker@company.com,81244.0,Sales,2023-04-30,San Francisco
Frank Kim,38.0,frank.kim@company.com,55965.0,HR,2023-04-11,San Jose
Kathleen Hughes,52.0,kathleen.hughes@company.com,43247.0,Operations,2024-03-14,Charlotte
Pamela Cook,26.0,pamela.cook@company.com,106817.0,Operations,2024-07-19,Fort Worth
Ronald Flores,33.0,ronald.flores@company.com,39348.0,Customer Support,2023-01-12,Columbus
Catherine Howard,37.0,catherine.howard@company.com,103406.0,Marketing,2023-04-10,New Orleans
Tyler Johnson,45.0,tyler.johnson@company.com,118771.0,Operations,2023-12-01,Charlotte
Michael Hill,50.0,michael.hill@company.com,58716.0,Marketing,2024-11-19,Nashville
Michelle Lewis,29.0,michelle.lewis@company.com,66561.0,Finance,2024-10-22,Austin
Samantha Morales,48.0,samantha.morales@company.com,73729.0,Operations,2024-11-12,Phoenix
Gregory Rodriguez,38.0,gregory.rodriguez@company.com,83435.0,Customer Support,2024-11-08,Dallas
Kenneth Jackson,31.0,kenneth.jackson@company.com,94066.0,Operations,2023-11-13,Charlotte
Patricia Gray,54.0,patricia.gray@company.com,117329.0,Finance,2024-11-16,New Orleans
Andrew Watson,39.0,andrew.watson@company.com,105089.0,IT,2023-03-02,San Diego
Carolyn Mendoza,51.0,carolyn.mendoza@company.com,38137.0,Marketing,2023-10-11,Cleveland
Mary Lee,55.0,mary.lee@company.com,106161.0,HR,2023-08-02,Fort Worth
Helen Campbell,55.0,helen.campbell@company.com,98657.0,Customer Support,2023-09-15,Detroit
Mark Myers,40.0,mark.myers@company.com,72356.0,Marketing,2023-02-15,Boston
Angela Ortiz,56.0,angela.ortiz@company.com,55865.0,Operations,2024-05-27,Houston
Sarah Evans,33.0,sarah.evans@company.com,63518.0,Finance,2023-02-08,Jacksonville
David Ramirez,25.0,david.ramirez@company.com,111147.0,Sales,2023-11-19,Portland
Matthew Scott,28.0,matthew.scott@company.com,91004.0,Marketing,2023-08-17,New York
Catherine Rivera,47.0,catherine.rivera@company.com,69281.0,Operations,2023-04-05,Jacksonville
Samantha Rivera,37.0,samantha.rivera@company.com,73887.0,IT,2024-07-30,Cleveland
Rebecca Murphy,31.0,rebecca.murphy@company.com,80076.0,Customer Support,2023-07-06,Austin
Michelle Price,48.0,michelle.price@company.com,68725.0,Operations,2024-04-03,Baltimore
Matthew Ruiz,63.0,matthew.ruiz@company.com,39569.0,Marketing,2023-12-23,San Diego
Sarah Bailey,58.0,sarah.bailey@company.com,92442.0,IT,2024-10-15,Dallas
Shirley Cook,27.0,shirley.cook@company.com,71838.0,Marketing,2023-11-04,Pittsburgh
Ruth Scott,61.0,ruth.scott@company.com,64355.0,Customer Support,2024-11-23,Houston
Deborah Allen,53.0,deborah.allen@company.com,48282.0,Customer Support,2024-07-28,New Orleans
Paul Allen,24.0,paul.allen@company.com,78632.0,Operations,2023-04-06,Tampa
Emily Young,22.0,emily.young@company.com,40179.0,HR,2024-10-12,Seattle
Ruth Price,36.0,ruth.price@company.com,49735.0,IT,2023-10-22,Jacksonville
Stephen Wilson,48.0,stephen.wilson@company.com,106796.0,IT,2024-03-19,New York
Heather Edwards,23.0,heather.edwards@company.com,98198.0,Customer Support,2024-10-07,San Diego
Jonathan Alvarez,60.0,jonathan.alvarez@company.com,106353.0,HR,2024-10-17,Indianapolis
Carol Taylor,48.0,carol.taylor@company.com,58498.0,Sales,2024-05-31,Jacksonville
Sharon Brown,61.0,sharon.brown@company.com,113821.0,Marketing,2023-04-21,New Orleans
Jonathan Chavez,25.0,jonathan.chavez@company.com,67793.0,Customer Support,2024-04-19,Nashville
Deborah Castillo,27.0,deborah.castillo@company.com,59490.0,IT,2023-10-18,Miami
Carolyn Thomas,38.0,carolyn.thomas@company.com,86424.0,Finance,2023-12-27,Columbus
  Rebecca Wood  ,55.0,rebecca.wood@company.com,79477.0,Operations,2023-02-03,Minneapolis
Christine White,61.0,christine.white@company.com,52193.0,IT,2023-06-18,Miami
Karen Phillips,62.0,karen.phillips@company.com,116091.0,IT,2024-09-28,New York
Sarah Clark,45.0,sarah.clark@company.com,82344.0,Marketing,2023-01-14,Chicago
Justin Gomez,32.0,justin.gomez@company.com,40581.0,HR,2023-10-13,Indianapolis
Emma Hughes,50.0,emma.hughes@company.com,58089.0,Operations,2023-06-29,Austin
David Carter,22.0,david.carter@company.com,42160.0,Marketing,2023-06-05,Tampa
Daniel Ortiz,65.0,daniel.ortiz@company.com,57063.0,Sales,2024-12-07,Charlotte
James Thomas,44.0,james.thomas@company.com,104844.0,Sales,2023-09-04,Minneapolis
Lisa Wright,58.0,lisa.wright@company.com,89813.0,Operations,2024-07-12,Portland
Nicole Lee,42.0,nicole.lee@company.com,103750.0,Customer Support,2024-08-26,Portland
Donald Castillo,51.0,donald.castillo@company.com,117710.0,Sales,2023-05-03,Houston
Gregory Allen,48.0,gregory.allen@company.com,89602.0,Customer Support,2024-10-17,Austin
Barbara Torres,56.0,barbara.torres@company.com,80910.0,Operations,2024-02-12,Los Angeles
Raymond Kim,45.0,raymond.kim@company.com,101056.0,HR,2024-02-20,New Orleans
Jerry Murphy,25.0,jerry.murphy@company.com,80939.0,Sales,2024-02-20,Minneapolis
Barbara Smith,57.0,barbara.smith@company.com,100341.0,Customer Support,2024-09-17,San Diego
,,,,,,
Eric Turner,26.0,eric.turner@company.com,108842.0,Engineering,2024-08-12,Memphis
Christopher Wilson,47.0,christopher.wilson@company.com,86736.0,IT,2023-10-24,Baltimore
Justin Jones,61.0,justin.jones@company.com,99946.0,Finance,2024-10-28,Pittsburgh
Nicole Roberts,22.0,nicole.roberts@company.com,40915.0,IT,2023-07-04,New York
Patricia Perez,58.0,patricia.perez@company.com,112176.0,Marketing,2023-09-03,Charlotte
Richard Miller,42.0,richard.miller@company.com,62103.0,Engineering,2023-07-18,Portland
  Matthew Lopez  ,23.0,matthew.lopez@company.com,42647.0,Customer Support,2024-11-13,Denver
Jack Reyes,65.0,jack.reyes@company.com,60086.0,Sales,2024-06-22,Columbus
Catherine Hughes,61.0,catherine.hughes@company.com,93964.0,Marketing,2024-11-29,Jacksonville
Donald White,40.0,donald.white@company.com,55931.0,Customer Support,2024-11-09,Boston
Ashley Wood,45.0,ashley.wood@company.com,71936.0,Marketing,2024-02-13,Boston
Jack Reyes,65.0,jack.reyes@company.com,60086.0,Sales,2024-06-22,Columbus
Richard Castillo,60.0,richard.castillo@company.com,67459.0,Engineering,2023-01-11,Cleveland
Brenda Gutierrez,34.0,brenda.gutierrez@company.com,46299.0,Engineering,2023-04-13,Detroit
Jessica Collins,28.0,jessica.collins@company.com,97391.0,Finance,2023-08-19,Indianapolis
Gregory Stewart,63.0,gregory.stewart@company.com,57358.0,Finance,2024-05-26,Detroit
Melissa Robinson,32.0,melissa.robinson@company.com,52533.0,Customer Support,2024-05-29,Pittsburgh
Donald Richardson,46.0,donald.richardson@company.com,101642.0,Operations,2024-10-26,New Orleans
Jonathan Edwards,31.0,jonathan.edwards@company.com,50035.0,IT,2023-02-24,San Diego
Janet Lopez,40.0,janet.lopez@company.com,66285.0,IT,2023-03-25,Tampa
Joshua White,48.0,joshua.white@company.com,49134.0,IT,2024-01-11,Houston
Eric Moore,40.0,eric.moore@company.com,88265.0,Sales,2024-09-06,Chicago
Thomas Thompson,35.0,thomas.thompson@company.com,112943.0,Sales,2023-12-20,Detroit
Mark Johnson,38.0,mark.johnson@company.com,53619.0,HR,2024-04-01,Chicago
Jennifer Morgan,27.0,jennifer.morgan@company.com,113337.0,IT,2024-07-11,Detroit
Diane Cruz,55.0,diane.cruz@company.com,116152.0,Customer Support,2023-10-19,Austin
Heather Parker,22.0,heather.parker@company.com,107108.0,Engineering,2024-02-28,Indianapolis
Timothy Harris,65.0,timothy.harris@company.com,71253.0,Engineering,2023-06-25,Boston
Gregory Morgan,53.0,gregory.morgan@company.com,55630.0,Customer Support,2024-08-16,Seattle
Dorothy Garcia,61.0,dorothy.garcia@company.com,94465.0,Engineering,2023-07-20,Detroit
Kenneth Mitchell,47.0,kenneth.mitchell@company.com,57347.0,Operations,2024-05-28,Portland
Katherine Murphy,39.0,katherine.murphy@company.com,119873.0,Customer Support,2023-09-08,Portland
Patricia Morales,27.0,patricia.morales@company.com,35905.0,Marketing,2023-05-09,Nashville
Janet Adams,23.0,janet.adams@company.com,114119.0,Finance,2023-10-23,Detroit
Jerry Sanchez,29.0,jerry.sanchez@company.com,118456.0,HR,2024-07-16,Seattle
Anthony Kelly,65.0,anthony.kelly@company.com,108992.0,IT,2024-11-04,Portland
Helen Chavez,60.0,helen.chavez@company.com,76569.0,Marketing,2024-07-20,New Orleans
Deborah Wood,37.0,deborah.wood@company.com,83763.0,IT,2024-10-21,Austin
Christine Wright,35.0,christine.wright@company.com,36209.0,Operations,2023-12-24,Minneapolis
Jason Robinson,35.0,jason.robinson@company.com,117606.0,Finance,2023-07-19,San Antonio
Justin Garcia,38.0,justin.garcia@company.com,90617.0,Engineering,2024-03-27,Austin
Debra Adams,56.0,debra.adams@company.com,65637.0,Operations,2024-04-15,Denver
Michelle Morgan,34.0,michelle.morgan@company.com,101620.0,HR,2023-03-20,Fort Worth
Jessica Adams,30.0,jessica.adams@company.com,57647.0,Sales,2023-06-30,Phoenix
Helen Watson,64.0,helen.watson@company.com,79157.0,IT,2023-11-01,New Orleans
Thomas Allen,61.0,thomas.allen@company.com,86828.0,Marketing,2023-02-10,Nashville
Janet Mitchell,34.0,janet.mitchell@company.com,52259.0,Sales,2023-08-22,New Orleans
Mary Adams,32.0,mary.adams@company.com,53731.0,Sales,2023-04-24,Philadelphia
Jack Allen,55.0,jack.allen@company.com,49953.0,IT,2024-02-22,Charlotte
  Michael Miller  ,33.0,michael.miller@company.com,92029.0,Customer Support,2024-03-14,Indianapolis
Michelle Lopez,35.0,michelle.lopez@company.com,97733.0,Customer Support,2024-01-15,Houston
  Ruth Morales  ,50.0,ruth.morales@company.com,74227.0,IT,2023-12-31,Atlanta
William Kim,30.0,william.kim@company.com,42256.0,Operations,2023-03-14,San Francisco
Gary Lee,22.0,gary.lee@company.com,66510.0,Sales,2024-01-29,Columbus
Jacob Roberts,40.0,jacob.roberts@company.com,92733.0,Finance,2024-10-28,Denver
  Eric Hill  ,25.0,eric.hill@company.com,83215.0,HR,2023-11-08,Memphis
Nancy Murphy,63.0,nancy.murphy@company.com,117305.0,Customer Support,2024-08-28,Austin
Donald Thompson,40.0,donald.thompson@company.com,107457.0,Engineering,2024-07-27,Nashville
Karen Kelly,31.0,karen.kelly@company.com,50531.0,Marketing,2023-04-23,Miami
Dennis Price,62.0,dennis.price@company.com,67870.0,Marketing,2024-02-04,Nashville
John Cooper,56.0,john.cooper@company.com,40002.0,IT,2023-11-21,Baltimore
,,,,,,
Gary Kim,61.0,gary.kim@company.com,38198.0,Marketing,2023-05-22,Fort Worth
Cynthia Flores,43.0,cynthia.flores@company.com,42180.0,IT,2023-10-06,San Antonio
Sandra Carter,40.0,sandra.carter@company.com,96307.0,Marketing,2024-05-20,Phoenix
Donald Richardson,44.0,donald.richardson@company.com,112665.0,Customer Support,2023-05-20,Boston
Sharon Robinson,37.0,sharon.robinson@company.com,109439.0,IT,2024-02-01,Philadelphia
Jeffrey Cruz,43.0,jeffrey.cruz@company.com,48027.0,Engineering,2023-08-27,Miami
Ronald Cooper,44.0,ronald.cooper@company.com,58200.0,Engineering,2023-02-14,Philadelphia
Michael Hill,63.0,michael.hill@company.com,90389.0,HR,2023-07-24,Philadelphia
Timothy Gonzalez,45.0,timothy.gonzalez@company.com,87668.0,HR,2024-05-13,San Diego
Steven Baker,58.0,steven.baker@company.com,77896.0,Customer Support,2024-02-18,Fort Worth
Christine Ramos,25.0,christine.ramos@company.com,60644.0,Finance,2023-03-19,Miami
Michael Sanders,43.0,michael.sanders@company.com,37732.0,Customer Support,2023-07-27,Charlotte
Janet Patel,63.0,janet.patel@company.com,85513.0,Marketing,2023-08-07,Austin
Samantha Collins,58.0,samantha.collins@company.com,44707.0,Finance,2023-02-16,San Jose
,,,,,,
Mark Hill,54.0,mark.hill@company.com,68816.0,Operations,2023-01-03,Chicago
Christopher Kim,40.0,christopher.kim@company.com,45858.0,Finance,2024-05-19,Portland
Dennis Brooks,39.0,dennis.brooks@company.com,41104.0,HR,2023-04-16,Dallas
Michelle Myers,42.0,michelle.myers@company.com,112092.0,Engineering,2023-12-21,Baltimore
William Hughes,64.0,william.hughes@company.com,95742.0,Marketing,2024-12-07,Baltimore
Michael Hernandez,22.0,michael.hernandez@company.com,65216.0,Engineering,2024-06-28,Nashville
Dorothy Parker,29.0,dorothy.parker@company.com,36516.0,Finance,2023-01-06,Cleveland
Dennis Gonzalez,48.0,dennis.gonzalez@company.com,97821.0,Operations,2023-10-14,Miami
James Kelly,28.0,james.kelly@company.com,118310.0,Marketing,2023-03-28,Dallas
Donald Turner,49.0,donald.turner@company.com,48815.0,Operations,2024-01-16,Baltimore
Brenda Wilson,64.0,brenda.wilson@company.com,64418.0,Marketing,2023-02-06,Tampa
James Baker,49.0,james.baker@company.com,75542.0,Engineering,2023-09-25,San Diego
Joshua Diaz,61.0,joshua.diaz@company.com,101568.0,Operations,2024-09-16,Chicago
Justin Miller,29.0,justin.miller@company.com,60033.0,Operations,2023-11-21,Atlanta
Cynthia Scott,40.0,cynthia.scott@company.com,100924.0,Marketing,2023-11-14,Cleveland
Eric Lewis,52.0,eric.lewis@company.com,102632.0,Finance,2023-04-18,San Francisco
Paul Castillo,44.0,paul.castillo@company.com,46724.0,Finance,2023-03-04,New Orleans
Jason Scott,45.0,jason.scott@company.com,60717.0,Sales,2024-08-29,Chicago
Eric Gray,30.0,eric.gray@company.com,92687.0,Sales,2023-10-12,Denver
Brenda Scott,59.0,brenda.scott@company.com,67548.0,Sales,2024-06-22,Atlanta
Benjamin Castillo,49.0,benjamin.castillo@company.com,91543.0,Operations,2024-12-04,Memphis
James Jones,32.0,james.jones@company.com,108382.0,Finance,2023-08-24,New Orleans
Jerry Walker,31.0,jerry.walker@company.com,93530.0,Engineering,2024-06-13,Detroit
Jason Rogers,63.0,jason.rogers@company.com,114360.0,IT,2024-08-24,Portland
Elizabeth Lee,45.0,elizabeth.lee@company.com,35095.0,Finance,2024-07-23,Dallas
Cynthia Cook,51.0,cynthia.cook@company.com,59262.0,Finance,2023-11-18,Philadelphia
Mark Thomas,43.0,mark.thomas@company.com,87674.0,Finance,2023-08-19,Dallas
Laura Williams,36.0,laura.williams@company.com,67800.0,Engineering,2024-02-21,Seattle
Mark Kelly,22.0,mark.kelly@company.com,39002.0,HR,2024-12-23,New Orleans
Barbara Wright,64.0,barbara.wright@company.com,85817.0,Marketing,2023-05-12,Austin
Andrew Roberts,29.0,andrew.roberts@company.com,98565.0,Engineering,2024-12-11,Seattle
Brenda Campbell,46.0,brenda.campbell@company.com,115813.0,Marketing,2023-12-24,Pittsburgh
Ryan Lopez,50.0,ryan.lopez@company.com,71495.0,Marketing,2024-12-17,Philadelphia
Stephanie Wright,40.0,stephanie.wright@company.com,118521.0,IT,2024-11-11,Memphis
Rebecca James,26.0,rebecca.james@company.com,61814.0,Finance,2023-06-08,San Francisco
Amanda Peterson,63.0,amanda.peterson@company.com,100090.0,Engineering,2023-09-07,Houston
Brandon Wood,27.0,brandon.wood@company.com,57363.0,Operations,2024-03-04,Atlanta
Jason Cooper,31.0,jason.cooper@company.com,62522.0,Customer Support,2023-05-17,Denver
Ronald Ramos,52.0,ronald.ramos@company.com,103505.0,HR,2023-07-01,Indianapolis
Sandra Sanchez,63.0,sandra.sanchez@company.com,41602.0,HR,2023-04-14,Seattle
Sarah Mendoza,32.0,sarah.mendoza@company.com,76268.0,Finance,2024-07-25,San Diego
Michael Price,32.0,michael.price@company.com,76375.0,Operations,2023-12-26,Baltimore
Kimberly Torres,43.0,kimberly.torres@company.com,37805.0,Engineering,2023-04-24,New Orleans
Heather Thompson,62.0,heather.thompson@company.com,36509.0,Customer Support,2024-11-26,Charlotte
Kevin Baker,49.0,kevin.baker@company.com,109971.0,Customer Support,2024-03-11,Nashville
Dorothy King,56.0,dorothy.king@company.com,104479.0,Sales,2023-03-03,Columbus
Daniel Wood,63.0,daniel.wood@company.com,47859.0,Marketing,2023-02-06,Boston
Helen Ward,61.0,helen.ward@company.com,67723.0,Marketing,2024-03-27,Memphis
Richard Reyes,61.0,richard.reyes@company.com,111500.0,Sales,2024-01-12,Atlanta
  Betty Reed  ,65.0,betty.reed@company.com,108024.0,Customer Support,2024-01-01,Indianapolis
Thomas Garcia,49.0,thomas.garcia@company.com,80444.0,Finance,2023-02-04,Fort Worth
  Eric Nguyen  ,48.0,eric.nguyen@company.com,61475.0,Finance,2024-01-12,Cleveland
Justin Wood,42.0,justin.wood@company.com,96136.0,IT,2023-04-24,Atlanta
George Wood,35.0,george.wood@company.com,98280.0,Sales,2024-05-05,Miami
Dennis Kim,61.0,dennis.kim@company.com,63716.0,Operations,2023-08-13,San Francisco
Ruth Patel,38.0,ruth.patel@company.com,52786.0,HR,2024-10-07,San Antonio
Ruth Miller,23.0,ruth.miller@company.com,65288.0,IT,2024-04-05,Austin
Samuel Thomas,29.0,samuel.thomas@company.com,72765.0,HR,2023-02-11,Charlotte
Sandra Torres,65.0,sandra.torres@company.com,99708.0,Engineering,2024-03-29,Fort Worth
Christine Williams,52.0,christine.williams@company.com,109172.0,Sales,2024-10-21,Pittsburgh
  Donna Kim  ,29.0,donna.kim@company.com,42745.0,IT,2023-03-20,San Jose
Jason Sanders,55.0,jason.sanders@company.com,105156.0,Sales,2024-03-04,Detroit
Edward Robinson,52.0,edward.robinson@company.com,75682.0,Marketing,2023-10-27,Cleveland
Alexander Patel,63.0,alexander.patel@company.com,39732.0,IT,2024-03-10,San Antonio
Margaret Cox,32.0,margaret.cox@company.com,110131.0,Customer Support,2023-12-02,Columbus
Elizabeth Young,64.0,elizabeth.young@company.com,78658.0,IT,2024-01-14,Houston
Nancy Rogers,31.0,nancy.rogers@company.com,87142.0,IT,2024-03-27,New Orleans
Nancy Sanchez,33.0,nancy.sanchez@company.com,67772.0,Finance,2023-12-23,Indianapolis
Nicole Chavez,43.0,nicole.chavez@company.com,37642.0,Engineering,2024-02-22,San Francisco
Mary Mendoza,24.0,mary.mendoza@company.com,69273.0,Operations,2023-06-10,Baltimore
  Nicole Hernandez  ,42.0,nicole.hernandez@company.com,67615.0,Customer Support,2024-01-14,San Jose
Helen Sanchez,24.0,helen.sanchez@company.com,78432.0,Customer Support,2024-06-16,Philadelphia
Ronald Gomez,52.0,ronald.gomez@company.com,47620.0,Engineering,2024-11-14,Baltimore
Andrew Rodriguez,60.0,andrew.rodriguez@company.com,43651.0,Engineering,2023-01-02,San Jose
Catherine Baker,33.0,catherine.baker@company.com,93115.0,Customer Support,2023-09-19,Chicago
Diane Garcia,33.0,diane.garcia@company.com,49396.0,Engineering,2024-07-23,Memphis
Justin Price,41.0,justin.price@company.com,82082.0,Operations,2024-02-29,Nashville
Jonathan Hill,53.0,jonathan.hill@company.com,55258.0,Customer Support,2024-07-09,Boston
Mary Murphy,22.0,mary.murphy@company.com,45784.0,Operations,2023-03-27,Houston
Aaron Allen,54.0,aaron.allen@company.com,57820.0,Engineering,2023-01-30,Chicago
Michelle Peterson,46.0,michelle.peterson@company.com,118404.0,Engineering,2023-02-11,Tampa
Donna Flores,54.0,donna.flores@company.com,56521.0,IT,2023-07-23,Philadelphia
Shirley Morris,26.0,shirley.morris@company.com,39270.0,Operations,2024-06-18,Columbus
Patrick Cooper,26.0,patrick.cooper@company.com,77796.0,Marketing,2023-04-15,Boston
Charles Richardson,50.0,charles.richardson@company.com,50394.0,IT,2023-01-25,Miami
Joshua Morales,49.0,joshua.morales@company.com,111348.0,IT,2023-03-04,San Jose
Diane Wilson,64.0,diane.wilson@company.com,104554.0,Engineering,2023-07-09,Columbus
Lisa Sanders,36.0,lisa.sanders@company.com,93479.0,Marketing,2023-08-02,Dallas
Linda Stewart,54.0,linda.stewart@company.com,40034.0,Customer Support,2023-02-17,Boston
Daniel Chavez,61.0,daniel.chavez@company.com,57414.0,Operations,2023-02-27,Dallas
Michelle Flores,30.0,michelle.flores@company.com,65443.0,Marketing,2024-11-09,New Orleans
  Emily Lewis  ,49.0,emily.lewis@company.com,79595.0,Customer Support,2024-11-09,Minneapolis
Dorothy Mitchell,58.0,dorothy.mitchell@company.com,114532.0,IT,2024-10-30,Denver
Carolyn Thomas,57.0,carolyn.thomas@company.com,49944.0,Marketing,2024-08-07,New York
,,,,,,
Janet Thompson,30.0,janet.thompson@company.com,72120.0,Finance,2023-10-13,Boston
Michelle Watson,33.0,michelle.watson@company.com,55219.0,Customer Support,2024-09-29,San Francisco
George Anderson,44.0,george.anderson@company.com,95985.0,Customer Support,2023-08-31,Seattle
Brandon Chavez,22.0,brandon.chavez@company.com,72258.0,Operations,2023-05-15,Tampa
Robert Wood,26.0,robert.wood@company.com,69730.0,Engineering,2024-07-15,New Orleans
Robert Alvarez,22.0,robert.alvarez@company.com,94687.0,IT,2024-04-24,Atlanta
Patricia Baker,53.0,patricia.baker@company.com,70193.0,Finance,2024-09-09,Tampa
Catherine Price,36.0,catherine.price@company.com,95052.0,HR,2024-05-04,San Jose
Richard Hernandez,40.0,richard.hernandez@company.com,55533.0,Sales,2023-11-13,Indianapolis
Amanda Anderson,34.0,amanda.anderson@company.com,44977.0,Marketing,2023-02-21,Chicago
Christine Hill,24.0,christine.hill@company.com,104169.0,IT,2024-02-18,Philadelphia
Carolyn Green,25.0,carolyn.green@company.com,38993.0,Operations,2024-05-14,Tampa
Kevin Green,58.0,kevin.green@company.com,71904.0,Sales,2023-07-17,Baltimore
Jason Carter,61.0,jason.carter@company.com,106700.0,IT,2023-12-01,Indianapolis
Barbara Ortiz,26.0,barbara.ortiz@company.com,55327.0,Sales,2023-06-12,Columbus
Alexander Johnson,63.0,alexander.johnson@company.com,66576.0,Finance,2023-09-08,Phoenix
Emma Cook,58.0,emma.cook@company.com,119729.0,Finance,2024-03-04,Columbus
Joshua Williams,61.0,joshua.williams@company.com,84945.0,Finance,2023-08-07,San Jose
Stephanie Scott,50.0,stephanie.scott@company.com,107453.0,Marketing,2024-12-10,Atlanta
Ashley Green,57.0,ashley.green@company.com,62292.0,Customer Support,2024-08-06,Indianapolis
Pamela Torres,64.0,pamela.torres@company.com,40356.0,Engineering,2024-09-29,Austin
John Evans,58.0,john.evans@company.com,56351.0,Operations,2023-06-23,Houston
Samantha Kim,56.0,samantha.kim@company.com,62628.0,HR,2023-07-17,Baltimore
Joshua Roberts,23.0,joshua.roberts@company.com,60029.0,Sales,2023-07-14,New York
Samuel Howard,33.0,samuel.howard@company.com,75849.0,HR,2023-09-03,New York
Justin Evans,57.0,justin.evans@company.com,96799.0,IT,2023-01-01,Detroit
Steven Cook,29.0,steven.cook@company.com,88529.0,HR,2023-05-30,Miami
Larry Stewart,64.0,larry.stewart@company.com,40650.0,Marketing,2024-05-01,Cleveland
Linda Carter,23.0,linda.carter@company.com,86810.0,Finance,2024-02-21,Tampa
Catherine Reyes,34.0,catherine.reyes@company.com,45662.0,Finance,2023-08-09,Austin
Patrick Evans,54.0,patrick.evans@company.com,97948.0,Engineering,2023-08-10,Baltimore
Katherine Price,29.0,katherine.price@company.com,51911.0,Finance,2023-07-29,San Diego
William Perez,29.0,william.perez@company.com,61165.0,Sales,2023-12-11,New York
Barbara Cox,44.0,barbara.cox@company.com,53875.0,HR,2023-01-14,Seattle
Ryan Cook,28.0,ryan.cook@company.com,50050.0,Customer Support,2023-04-27,Nashville
Jonathan Hill,53.0,jonathan.hill@company.com,78825.0,Engineering,2023-09-09,Denver
John Turner,50.0,john.turner@company.com,91211.0,HR,2023-09-15,San Diego
William Stewart,39.0,william.stewart@company.com,54464.0,Customer Support,2023-07-01,Tampa
,,,,,,
Gary Clark,51.0,gary.clark@company.com,87492.0,Marketing,2023-09-06,Chicago
Angela Robinson,50.0,angela.robinson@company.com,95357.0,IT,2024-08-02,Pittsburgh
Brian Jackson,48.0,brian.jackson@company.com,43327.0,Sales,2024-08-30,Los Angeles
Carol Phillips,55.0,carol.phillips@company.com,38896.0,Marketing,2024-04-07,Fort Worth
Samuel Roberts,52.0,samuel.roberts@company.com,73917.0,Engineering,2024-10-03,Houston
Linda Castillo,47.0,linda.castillo@company.com,87739.0,Finance,2023-09-18,Atlanta
Samantha Gonzalez,42.0,samantha.gonzalez@company.com,64516.0,Customer Support,2023-06-16,Indianapolis
Mary Gonzalez,65.0,mary.gonzalez@company.com,116508.0,Sales,2024-12-08,San Diego
Edward Rodriguez,33.0,edward.rodriguez@company.com,40381.0,Customer Support,2023-05-16,Seattle
Larry Richardson,49.0,larry.richardson@company.com,103218.0,HR,2023-02-06,Cleveland
Diane Ortiz,27.0,diane.ortiz@company.com,70442.0,Finance,2024-11-23,Tampa
Helen Nelson,54.0,helen.nelson@company.com,117634.0,Operations,2023-12-23,Boston
Sandra Hall,36.0,sandra.hall@company.com,118669.0,Sales,2024-01-24,Indianapolis
George Cox,48.0,george.cox@company.com,80454.0,Engineering,2023-09-25,Baltimore
Michelle Cook,61.0,michelle.cook@company.com,85382.0,HR,2024-11-27,Atlanta
John Morris,64.0,john.morris@company.com,118332.0,Sales,2024-06-27,Memphis
Stephanie Morales,46.0,stephanie.morales@company.com,76845.0,Engineering,2024-05-14,San Francisco
Kenneth Myers,54.0,kenneth.myers@company.com,65848.0,Finance,2024-12-25,Memphis
Kimberly Murphy,33.0,kimberly.murphy@company.com,80843.0,HR,2023-02-14,Detroit
William Reyes,64.0,william.reyes@company.com,75962.0,IT,2023-01-13,San Antonio
Mark Cruz,25.0,mark.cruz@company.com,42161.0,Operations,2024-06-05,Tampa
Margaret Cruz,63.0,margaret.cruz@company.com,100076.0,Operations,2024-05-07,Philadelphia
Anna Bailey,44.0,anna.bailey@company.com,112312.0,Marketing,2023-06-04,Jacksonville
Joseph Richardson,28.0,joseph.richardson@company.com,80922.0,HR,2024-02-24,Atlanta
Amy Chavez,39.0,amy.chavez@company.com,38154.0,HR,2024-07-19,Miami
Frank Green,31.0,frank.green@company.com,77379.0,Customer Support,2023-07-03,Pittsburgh
Thomas Cooper,24.0,thomas.cooper@company.com,81002.0,IT,2024-06-03,Boston
Patricia Mendoza,61.0,patricia.mendoza@company.com,78624.0,Marketing,2023-12-31,Indianapolis
Christine Hall,24.0,christine.hall@company.com,38709.0,Customer Support,2023-09-17,Atlanta
David Castillo,47.0,david.castillo@company.com,84601.0,Operations,2023-07-03,Nashville
Raymond Evans,32.0,raymond.evans@company.com,104518.0,Marketing,2024-11-08,Fort Worth
Matthew Ortiz,46.0,matthew.ortiz@company.com,48882.0,HR,2023-04-18,San Jose
Justin Torres,57.0,justin.torres@company.com,70590.0,Marketing,2023-02-23,Tampa
Shirley Miller,47.0,shirley.miller@company.com,112395.0,Marketing,2023-10-16,Charlotte
  Thomas Chavez  ,45.0,thomas.chavez@company.com,56630.0,IT,2024-08-21,Seattle
Laura Cooper,51.0,laura.cooper@company.com,49974.0,Operations,2023-08-20,Indianapolis
Patrick Campbell,60.0,patrick.campbell@company.com,49620.0,Engineering,2024-05-01,New York
Joseph Wilson,53.0,joseph.wilson@company.com,80077.0,Finance,2023-06-10,Chicago
James Stewart,63.0,james.stewart@company.com,75165.0,HR,2024-01-30,Detroit
Brenda Allen,33.0,brenda.allen@company.com,109399.0,Operations,2024-11-28,Pittsburgh
Steven Evans,24.0,steven.evans@company.com,71319.0,Engineering,2023-02-07,Columbus
Emma Gutierrez,33.0,emma.gutierrez@company.com,56700.0,Operations,2023-02-22,Memphis
Kathleen Bennett,28.0,kathleen.bennett@company.com,70493.0,HR,2024-06-27,Baltimore
Laura Cox,61.0,laura.cox@company.com,45203.0,Finance,2023-12-20,Cleveland
Jacob Allen,41.0,jacob.allen@company.com,87510.0,HR,2024-02-13,Detroit
Emily Nelson,36.0,emily.nelson@company.com,99685.0,Finance,2023-10-04,Jacksonville
Scott Ramos,54.0,scott.ramos@company.com,101093.0,Engineering,2024-11-02,Memphis
Robert Nelson,48.0,robert.nelson@company.com,91403.0,Customer Support,2023-10-02,Jacksonville
Stephen Hughes,51.0,stephen.hughes@company.com,110141.0,Engineering,2023-11-18,Jacksonville
Daniel Alvarez,50.0,daniel.alvarez@company.com,106500.0,Marketing,2024-07-13,Boston
Jack Ruiz,23.0,jack.ruiz@company.com,36560.0,Sales,2023-12-19,Jacksonville
Susan Walker,32.0,susan.walker@company.com,61859.0,Sales,2024-01-21,Los Angeles
Elizabeth Turner,32.0,elizabeth.turner@company.com,81029.0,Engineering,2024-02-04,Miami
Kenneth Anderson,26.0,kenneth.anderson@company.com,88332.0,Customer Support,2024-03-21,Miami
Anna Torres,61.0,anna.torres@company.com,107192.0,Engineering,2024-12-07,Cleveland
Lisa Scott,65.0,lisa.scott@company.com,46272.0,Marketing,2023-12-24,Philadelphia
Emma Thomas,24.0,emma.thomas@company.com,54945.0,Marketing,2024-02-25,Pittsburgh
Rachel Gutierrez,57.0,rachel.gutierrez@company.com,80697.0,Operations,2024-08-31,Los Angeles
Carolyn Ward,62.0,carolyn.ward@company.com,35071.0,Marketing,2023-06-15,San Antonio
David Young,33.0,david.young@company.com,49600.0,IT,2024-12-14,Philadelphia
Christine Sanders,27.0,christine.sanders@company.com,84529.0,Finance,2024-11-10,Boston
Sharon Torres,31.0,sharon.torres@company.com,39295.0,Sales,2024-12-30,San Diego
Scott Campbell,63.0,scott.campbell@company.com,119498.0,Marketing,2023-10-25,Houston
Brian Jackson,37.0,brian.jackson@company.com,85514.0,HR,2024-12-16,Seattle
William Rivera,23.0,william.rivera@company.com,71232.0,Sales,2023-06-04,Minneapolis
Jacob Stewart,64.0,jacob.stewart@company.com,89232.0,Sales,2024-02-29,Fort Worth
Pamela Ramos,28.0,pamela.ramos@company.com,41904.0,IT,2024-02-02,Cleveland
Brian Cox,60.0,brian.cox@company.com,35369.0,Engineering,2024-08-25,Houston
Paul Wright,54.0,paul.wright@company.com,115877.0,Finance,2024-01-17,Atlanta
Margaret White,23.0,margaret.white@company.com,72049.0,Operations,2023-08-27,San Jose
,,,,,,
Carol Richardson,52.0,carol.richardson@company.com,81137.0,HR,2023-09-29,Columbus
Brenda Rodriguez,47.0,brenda.rodriguez@company.com,43754.0,Engineering,2023-10-31,Jacksonville
Larry Jackson,33.0,larry.jackson@company.com,43810.0,IT,2023-03-14,Jacksonville
Edward Richardson,47.0,edward.richardson@company.com,76135.0,Sales,2023-11-30,Pittsburgh
Gary Smith,41.0,gary.smith@company.com,38767.0,HR,2024-03-13,Fort Worth
Timothy Bailey,39.0,timothy.bailey@company.com,71880.0,Marketing,2024-09-26,New York
  Carolyn Richardson  ,63.0,carolyn.richardson@company.com,100108.0,Customer Support,2023-12-14,Phoenix
Jeffrey Smith,46.0,jeffrey.smith@company.com,117372.0,Sales,2023-03-30,Pittsburgh
James Bennett,34.0,james.bennett@company.com,111671.0,IT,2024-12-11,Columbus
Margaret Reed,65.0,margaret.reed@company.com,47092.0,Finance,2023-12-30,San Diego
Christine Allen,23.0,christine.allen@company.com,80424.0,Sales,2023-01-13,Philadelphia
Joseph Cruz,26.0,joseph.cruz@company.com,41847.0,Engineering,2023-09-04,Portland
Ryan Campbell,59.0,ryan.campbell@company.com,106276.0,Finance,2024-08-17,Denver
Timothy White,52.0,timothy.white@company.com,59535.0,Finance,2024-01-24,Cleveland
Pamela Wright,34.0,pamela.wright@company.com,77608.0,Marketing,2023-12-28,Minneapolis
Karen Campbell,60.0,karen.campbell@company.com,111360.0,Engineering,2024-08-20,Atlanta
Gregory Rogers,61.0,gregory.rogers@company.com,39559.0,Sales,2024-10-29,Cleveland
Richard Anderson,37.0,richard.anderson@company.com,89130.0,Customer Support,2023-07-06,Pittsburgh
Ryan Johnson,44.0,ryan.johnson@company.com,47488.0,Operations,2023-01-14,Portland
Joseph White,57.0,joseph.white@company.com,49853.0,Customer Support,2024-10-22,San Antonio
Heather Patel,59.0,heather.patel@company.com,117129.0,IT,2024-11-14,New York
Lisa Harris,57.0,lisa.harris@company.com,90468.0,Sales,2024-03-04,Columbus
Richard Rodriguez,32.0,richard.rodriguez@company.com,83886.0,Operations,2024-07-29,Philadelphia
Stephanie Cooper,45.0,stephanie.cooper@company.com,77521.0,Customer Support,2023-11-22,Columbus
Christine Ruiz,23.0,christine.ruiz@company.com,104079.0,Finance,2023-07-04,Portland
Raymond Reed,65.0,raymond.reed@company.com,51725.0,Engineering,2024-08-25,Memphis
Tyler Castillo,54.0,tyler.castillo@company.com,71883.0,Customer Support,2024-05-05,Portland
Carol Morales,54.0,carol.morales@company.com,119281.0,Marketing,2024-06-16,Fort Worth
Amy Torres,24.0,amy.torres@company.com,66006.0,Engineering,2023-06-03,San Antonio
Joshua Mendoza,36.0,joshua.mendoza@company.com,119932.0,Engineering,2024-01-18,New York
Susan Rivera,42.0,susan.rivera@company.com,42772.0,Sales,2024-11-02,Philadelphia
Dennis Anderson,47.0,dennis.anderson@company.com,83653.0,IT,2023-12-20,Baltimore
Janet Patel,39.0,janet.patel@company.com,56361.0,Operations,2023-03-03,Columbus
Patricia Gonzalez,54.0,patricia.gonzalez@company.com,116149.0,HR,2024-06-16,Baltimore
Debra Jackson,32.0,debra.jackson@company.com,64076.0,Finance,2023-05-04,San Diego
Laura Adams,24.0,laura.adams@company.com,84387.0,IT,2023-10-06,Indianapolis
Matthew Scott,39.0,matthew.scott@company.com,95234.0,Sales,2024-11-24,Charlotte
Nicole Rodriguez,39.0,nicole.rodriguez@company.com,51418.0,IT,2024-11-08,New Orleans
Christine Sanders,22.0,christine.sanders@company.com,104148.0,Finance,2023-09-27,Pittsburgh
Thomas Gutierrez,31.0,thomas.gutierrez@company.com,53694.0,Operations,2024-11-26,Philadelphia
Rachel Diaz,65.0,rachel.diaz@company.com,58901.0,Finance,2023-08-29,Charlotte
Samantha Campbell,24.0,samantha.campbell@company.com,52091.0,HR,2023-05-29,Denver
Jerry Morales,55.0,jerry.morales@company.com,39781.0,Sales,2023-05-08,Jacksonville
Diane Scott,58.0,diane.scott@company.com,107023.0,Finance,2024-12-08,New York
Kevin Wright,65.0,kevin.wright@company.com,66517.0,Finance,2023-03-06,Baltimore
Jason Sanchez,29.0,jason.sanchez@company.com,84554.0,HR,2023-08-17,Seattle
Tyler Kim,35.0,tyler.kim@company.com,114031.0,Marketing,2023-12-03,Chicago
Jason Smith,62.0,jason.smith@company.com,85487.0,Finance,2024-03-21,Phoenix
Barbara Campbell,44.0,barbara.campbell@company.com,117304.0,Sales,2024-06-12,Memphis
Ronald Baker,48.0,ronald.baker@company.com,46355.0,Customer Support,2023-04-23,Austin
Mark Ortiz,57.0,mark.ortiz@company.com,87596.0,Customer Support,2024-09-08,New York
Lisa Gonzalez,42.0,lisa.gonzalez@company.com,62189.0,Customer Support,2023-02-05,Los Angeles
Robert Martin,60.0,robert.martin@company.com,39894.0,Finance,2024-05-15,Nashville
Christine Gomez,56.0,christine.gomez@company.com,46621.0,Marketing,2023-04-02,Tampa
Amy Bennett,36.0,amy.bennett@company.com,57857.0,Customer Support,2024-08-01,Miami
Mark King,26.0,mark.king@company.com,79473.0,IT,2023-07-24,Cleveland
George Chavez,52.0,george.chavez@company.com,47015.0,Finance,2024-11-25,Charlotte
Diane Hall,40.0,diane.hall@company.com,67311.0,Finance,2023-09-29,Nashville
Carol Green,26.0,carol.green@company.com,53677.0,Sales,2024-10-02,Tampa
Jerry Price,52.0,jerry.price@company.com,72248.0,Engineering,2023-01-16,Boston
Thomas Gutierrez,61.0,thomas.gutierrez@company.com,64727.0,Sales,2024-10-05,Atlanta
Michelle Rodriguez,59.0,michelle.rodriguez@company.com,80943.0,Customer Support,2023-08-18,Philadelphia
William Young,26.0,william.young@company.com,109613.0,Engineering,2024-08-28,Portland
Tyler Stewart,49.0,tyler.stewart@company.com,43924.0,Sales,2023-11-18,Phoenix
Raymond Lewis,31.0,raymond.lewis@company.com,44118.0,Marketing,2023-01-04,New Orleans
Brandon Ward,38.0,brandon.ward@company.com,107502.0,Sales,2024-11-12,Austin
Shirley Hill,47.0,shirley.hill@company.com,93169.0,IT,2024-12-22,Portland
Gregory Johnson,43.0,gregory.johnson@company.com,102247.0,Operations,2023-07-31,Denver
Gregory Evans,50.0,gregory.evans@company.com,73835.0,Customer Support,2024-08-09,Dallas
Debra Moore,24.0,debra.moore@company.com,108965.0,Engineering,2023-01-17,Nashville
Carolyn Watson,65.0,carolyn.watson@company.com,113452.0,Finance,2023-03-09,San Diego
Janet Williams,26.0,janet.williams@company.com,39313.0,HR,2024-07-30,Portland
Daniel Gutierrez,27.0,daniel.gutierrez@company.com,112127.0,Customer Support,2023-09-08,Philadelphia
Maria Ortiz,38.0,maria.ortiz@company.com,95315.0,IT,2024-08-05,Memphis
Jerry Collins,60.0,jerry.collins@company.com,64813.0,HR,2024-09-29,Columbus
Linda Parker,61.0,linda.parker@company.com,62649.0,Sales,2023-11-03,Houston
Kathleen Clark,65.0,kathleen.clark@company.com,48928.0,Customer Support,2023-10-14,Baltimore
Dorothy Torres,38.0,dorothy.torres@company.com,49988.0,HR,2024-12-07,Seattle
Janet Bailey,64.0,janet.bailey@company.com,91303.0,Finance,2024-09-30,Los Angeles
Shirley Cook,48.0,shirley.cook@company.com,112557.0,Operations,2023-03-05,Boston
Margaret Turner,33.0,margaret.turner@company.com,107608.0,Customer Support,2024-02-18,Tampa
Linda Moore,60.0,linda.moore@company.com,80424.0,Sales,2024-06-21,Los Angeles
Carol Ortiz,57.0,carol.ortiz@company.com,57488.0,HR,2024-11-01,Cleveland
Timothy Hill,56.0,timothy.hill@company.com,92467.0,Engineering,2023-01-10,Chicago
Jeffrey Miller,64.0,jeffrey.miller@company.com,58202.0,Sales,2023-03-02,Denver
Raymond Edwards,54.0,raymond.edwards@company.com,70925.0,Marketing,2024-04-15,San Francisco
Joseph Roberts,36.0,joseph.roberts@company.com,104685.0,Engineering,2024-06-24,Phoenix
Eric Smith,39.0,eric.smith@company.com,84391.0,Operations,2024-08-20,Columbus
Amy Murphy,40.0,amy.murphy@company.com,40262.0,Customer Support,2023-06-26,Pittsburgh
Brian Hall,57.0,brian.hall@company.com,49997.0,Operations,2023-06-05,San Francisco
Daniel Morales,56.0,daniel.morales@company.com,85628.0,Engineering,2023-04-09,Charlotte
Ruth Allen,35.0,ruth.allen@company.com,115940.0,Sales,2024-11-08,Charlotte
Donald Gutierrez,51.0,donald.gutierrez@company.com,40775.0,IT,2023-10-01,Portland
Kimberly Gray,47.0,kimberly.gray@company.com,74398.0,IT,2023-10-19,Columbus
Daniel Allen,24.0,daniel.allen@company.com,74151.0,Sales,2023-12-16,Portland
Raymond Harris,46.0,raymond.harris@company.com,86752.0,IT,2024-12-07,Tampa
Alexander Hernandez,28.0,alexander.hernandez@company.com,93179.0,Finance,2024-05-27,New Orleans
Diane Johnson,31.0,diane.johnson@company.com,105234.0,Engineering,2024-03-07,Tampa
  Tyler Green  ,52.0,tyler.green@company.com,93399.0,IT,2024-07-29,New York
Kathleen Parker,23.0,kathleen.parker@company.com,83909.0,Finance,2024-09-04,Chicago
Ronald White,36.0,ronald.white@company.com,43387.0,Finance,2023-02-10,Nashville
Carolyn Bailey,53.0,carolyn.bailey@company.com,76630.0,Sales,2024-04-15,Miami
Sandra Young,22.0,sandra.young@company.com,109115.0,Engineering,2023-07-28,New York
Helen Reyes,40.0,helen.reyes@company.com,75296.0,Marketing,2024-04-06,Dallas
Alexander Ortiz,51.0,alexander.ortiz@company.com,39220.0,Customer Support,2023-01-07,Pittsburgh
Gary Taylor,37.0,gary.taylor@company.com,102125.0,Marketing,2023-07-30,Baltimore
Michael White,36.0,michael.white@company.com,54439.0,Marketing,2024-09-08,Pittsburgh
Sarah Patel,27.0,sarah.patel@company.com,54606.0,Marketing,2024-07-11,Austin
Thomas Jones,65.0,thomas.jones@company.com,64233.0,Sales,2023-09-08,Philadelphia
Eric Chavez,44.0,eric.chavez@company.com,97650.0,Sales,2024-05-26,Miami
Jennifer Gray,36.0,jennifer.gray@company.com,103408.0,Operations,2023-03-16,Atlanta
George Clark,48.0,george.clark@company.com,116269.0,Sales,2024-06-21,San Jose
Rebecca Morris,35.0,rebecca.morris@company.com,60838.0,Sales,2024-01-13,Los Angeles
Rachel Reyes,26.0,rachel.reyes@company.com,66917.0,Operations,2024-11-04,Memphis
Nicole Hill,34.0,nicole.hill@company.com,45605.0,Marketing,2023-06-20,New Orleans
Mary Ward,24.0,mary.ward@company.com,112844.0,IT,2023-11-12,New Orleans
Stephanie Williams,41.0,stephanie.williams@company.com,95330.0,HR,2024-05-30,Columbus
Benjamin Morgan,33.0,benjamin.morgan@company.com,74012.0,Sales,2024-08-11,San Francisco
Pamela Thompson,55.0,pamela.thompson@company.com,84236.0,Engineering,2023-06-28,Cleveland
Melissa White,48.0,melissa.white@company.com,82926.0,IT,2024-02-25,Chicago
Joshua James,31.0,joshua.james@company.com,68772.0,IT,2023-06-14,Los Angeles
  Carolyn Diaz  ,50.0,carolyn.diaz@company.com,45154.0,Finance,2023-12-22,Baltimore
  Richard Bailey  ,50.0,richard.bailey@company.com,46295.0,Engineering,2024-02-24,Detroit
Ronald Ruiz,35.0,ronald.ruiz@company.com,114677.0,Sales,2024-08-06,Houston
Joseph White,51.0,joseph.white@company.com,67826.0,Finance,2023-04-09,Minneapolis
Jack Phillips,42.0,jack.phillips@company.com,44897.0,Engineering,2023-10-27,Denver
Jason Miller,40.0,jason.miller@company.com,98492.0,Operations,2024-01-30,New Orleans
George Roberts,55.0,george.roberts@company.com,86881.0,Sales,2024-10-30,Jacksonville
Jacob Watson,51.0,jacob.watson@company.com,73884.0,Operations,2023-08-15,Houston
Carolyn Cook,38.0,carolyn.cook@company.com,57789.0,IT,2024-02-21,Jacksonville
Debra Perez,38.0,debra.perez@company.com,63555.0,IT,2024-03-28,Cleveland
Jennifer Morris,45.0,jennifer.morris@company.com,53172.0,Marketing,2023-01-18,Houston
Diane Davis,50.0,diane.davis@company.com,82735.0,HR,2024-10-22,Detroit
Matthew Hughes,33.0,matthew.hughes@company.com,60863.0,Sales,2024-08-23,Philadelphia
Janet Williams,40.0,janet.williams@company.com,73802.0,Finance,2023-08-02,Los Angeles
Deborah Gomez,28.0,deborah.gomez@company.com,57385.0,Finance,2023-02-08,Boston
Jessica White,41.0,jessica.white@company.com,93391.0,Marketing,2023-05-26,San Antonio
Stephanie Cooper,45.0,stephanie.cooper@company.com,77521.0,Customer Support,2023-11-22,Columbus
Eric Cox,40.0,eric.cox@company.com,62805.0,Engineering,2023-01-30,Tampa
George Allen,62.0,george.allen@company.com,44702.0,Marketing,2024-08-16,Tampa
Paul Mendoza,61.0,paul.mendoza@company.com,107716.0,IT,2023-12-05,Chicago
  Sandra Robinson  ,49.0,sandra.robinson@company.com,83027.0,Marketing,2023-07-10,Austin
Benjamin Watson,43.0,benjamin.watson@company.com,104741.0,Finance,2024-12-31,Seattle
Charles Gray,46.0,charles.gray@company.com,104564.0,Sales,2023-01-09,San Jose
Frank Lewis,53.0,frank.lewis@company.com,49897.0,Finance,2023-03-27,Miami
Gary Mitchell,32.0,gary.mitchell@company.com,119323.0,Marketing,2024-12-16,San Diego
Amy Jones,60.0,amy.jones@company.com,37955.0,HR,2024-01-07,San Jose
,,,,,,
Sarah Roberts,22.0,sarah.roberts@company.com,82250.0,IT,2024-09-07,Austin
Nancy Hughes,56.0,nancy.hughes@company.com,54217.0,Sales,2024-10-01,Atlanta
Justin Scott,53.0,justin.scott@company.com,109631.0,Customer Support,2024-11-20,Memphis
Benjamin Parker,61.0,benjamin.parker@company.com,55926.0,Finance,2023-01-07,Jacksonville
Carol James,51.0,carol.james@company.com,119079.0,Sales,2024-12-10,Dallas
Samantha Taylor,23.0,samantha.taylor@company.com,74631.0,Engineering,2024-07-20,Tampa
Tyler Thompson,49.0,tyler.thompson@company.com,36360.0,IT,2024-01-05,San Antonio
Aaron Jackson,44.0,aaron.jackson@company.com,70368.0,Sales,2024-07-20,Charlotte
Susan Smith,53.0,susan.smith@company.com,81886.0,Operations,2023-07-02,Atlanta
Jeffrey Cooper,59.0,jeffrey.cooper@company.com,113684.0,Marketing,2023-05-18,Jacksonville
Robert Nguyen,23.0,robert.nguyen@company.com,101031.0,Marketing,2024-05-07,Dallas
Sarah Peterson,50.0,sarah.peterson@company.com,40900.0,Finance,2024-04-20,Boston
Joseph Parker,51.0,joseph.parker@company.com,48430.0,Operations,2023-07-02,Philadelphia
Jack Mitchell,58.0,jack.mitchell@company.com,119506.0,Customer Support,2024-07-13,Boston
Barbara Moore,45.0,barbara.moore@company.com,40571.0,Marketing,2024-06-03,Minneapolis
Jerry Mendoza,25.0,jerry.mendoza@company.com,71074.0,HR,2024-08-01,Fort Worth
Steven Gomez,34.0,steven.gomez@company.com,74343.0,Operations,2023-05-21,San Antonio
Richard Murphy,54.0,richard.murphy@company.com,85775.0,HR,2024-09-19,Chicago
Nicole Wright,40.0,nicole.wright@company.com,70747.0,IT,2023-09-22,Philadelphia
Benjamin Rivera,24.0,benjamin.rivera@company.com,66592.0,Operations,2023-06-13,Boston
Maria Carter,23.0,maria.carter@company.com,65618.0,Marketing,2023-05-13,Dallas
Betty Lopez,54.0,betty.lopez@company.com,57619.0,Marketing,2023-02-16,Boston
Charles Kim,58.0,charles.kim@company.com,114000.0,IT,2023-01-10,Jacksonville
Benjamin Wright,60.0,benjamin.wright@company.com,64847.0,Finance,2023-01-18,Detroit
Karen Harris,27.0,karen.harris@company.com,102793.0,Sales,2023-09-17,Jacksonville
Kathleen Adams,23.0,kathleen.adams@company.com,115598.0,IT,2024-11-11,Minneapolis
Samantha Stewart,54.0,samantha.stewart@company.com,61901.0,HR,2023-11-19,Fort Worth
Debra Williams,28.0,debra.williams@company.com,65596.0,Customer Support,2024-06-04,Atlanta
Jason Sanchez,57.0,jason.sanchez@company.com,118113.0,Sales,2024-04-18,Charlotte
Donna Gray,35.0,donna.gray@company.com,92349.0,Customer Support,2023-05-20,Houston
Christopher Roberts,49.0,christopher.roberts@company.com,40883.0,Customer Support,2024-05-06,Chicago
,,,,,,
Heather Gomez,43.0,heather.gomez@company.com,97732.0,IT,2024-12-15,Portland
Joseph Roberts,47.0,joseph.roberts@company.com,73655.0,Marketing,2024-11-20,Denver
Lisa Robinson,49.0,lisa.robinson@company.com,115651.0,IT,2024-07-30,Atlanta
Robert Chavez,30.0,robert.chavez@company.com,97855.0,Finance,2024-02-09,Austin
Raymond Miller,29.0,raymond.miller@company.com,46631.0,Sales,2023-04-24,Los Angeles
Carol Diaz,39.0,carol.diaz@company.com,78423.0,Marketing,2023-09-23,Chicago
Deborah Alvarez,30.0,deborah.alvarez@company.com,112806.0,Operations,2024-09-01,Austin
Rebecca Parker,45.0,rebecca.parker@company.com,78805.0,Engineering,2023-11-24,Chicago
Kimberly Phillips,43.0,kimberly.phillips@company.com,100708.0,Finance,2023-06-28,Chicago
Elizabeth Reyes,46.0,elizabeth.reyes@company.com,47375.0,IT,2023-04-27,Detroit
  Kathleen Allen  ,28.0,kathleen.allen@company.com,84679.0,Engineering,2024-08-13,Denver
Steven Thomas,65.0,steven.thomas@company.com,89608.0,Customer Support,2024-02-13,Minneapolis
Samantha Phillips,33.0,samantha.phillips@company.com,86491.0,Finance,2023-07-09,Baltimore
Dennis Reyes,31.0,dennis.reyes@company.com,72975.0,Operations,2023-12-24,Columbus
Donna Phillips,43.0,donna.phillips@company.com,117685.0,Operations,2023-10-14,Tampa
Debra Carter,29.0,debra.carter@company.com,67235.0,Engineering,2023-07-27,Indianapolis
Lisa Phillips,61.0,lisa.phillips@company.com,114446.0,Marketing,2023-07-13,Philadelphia
Ronald Gomez,52.0,ronald.gomez@company.com,47620.0,Engineering,2024-11-14,Baltimore
Thomas Harris,40.0,thomas.harris@company.com,114518.0,Engineering,2024-11-19,Detroit
Steven Ramirez,59.0,steven.ramirez@company.com,67133.0,HR,2024-02-03,Portland
Timothy Smith,34.0,timothy.smith@company.com,98653.0,Marketing,2023-12-09,Austin
Christopher Hernandez,37.0,christopher.hernandez@company.com,80859.0,IT,2024-08-10,Philadelphia
Ryan Martin,55.0,ryan.martin@company.com,55773.0,HR,2023-04-12,Miami
Charles Williams,45.0,charles.williams@company.com,49055.0,Marketing,2023-11-12,Columbus
Brian Green,35.0,brian.green@company.com,108446.0,Sales,2024-08-24,Cleveland
Laura Green,43.0,laura.green@company.com,70424.0,Customer Support,2023-04-24,Phoenix
Jennifer Stewart,31.0,jennifer.stewart@company.com,114365.0,Customer Support,2023-11-10,Columbus
Jessica Wright,23.0,jessica.wright@company.com,117744.0,Marketing,2024-05-17,Cleveland
,,,,,,
Brian King,44.0,brian.king@company.com,46457.0,IT,2024-10-21,Memphis
Matthew Williams,26.0,matthew.williams@company.com,68014.0,Sales,2024-01-19,Seattle
Stephen Morales,39.0,stephen.morales@company.com,94459.0,IT,2024-07-25,Chicago
Elizabeth Nguyen,53.0,elizabeth.nguyen@company.com,89501.0,Customer Support,2024-11-20,Minneapolis
Frank Ramos,59.0,frank.ramos@company.com,38176.0,HR,2023-05-02,San Francisco
Kimberly Patel,41.0,kimberly.patel@company.com,54098.0,IT,2024-01-30,Atlanta
Timothy Clark,36.0,timothy.clark@company.com,59466.0,HR,2023-07-20,New Orleans
Michael Davis,39.0,michael.davis@company.com,64116.0,Finance,2024-07-05,San Diego
Angela Walker,28.0,angela.walker@company.com,95263.0,IT,2023-04-10,San Diego
Scott Lopez,45.0,scott.lopez@company.com,54760.0,Customer Support,2023-07-18,Chicago
Laura Allen,48.0,laura.allen@company.com,78216.0,Finance,2024-07-14,Chicago
Stephen Thompson,35.0,stephen.thompson@company.com,111543.0,Customer Support,2023-11-05,Detroit
Jack Martinez,64.0,jack.martinez@company.com,107162.0,Engineering,2024-07-14,San Francisco
Amanda Miller,55.0,amanda.miller@company.com,42450.0,Sales,2023-11-23,Seattle
Dennis Brown,47.0,dennis.brown@company.com,83904.0,Engineering,2024-02-04,Minneapolis
Donald Hernandez,56.0,donald.hernandez@company.com,78413.0,Finance,2023-12-16,Los Angeles
Donald Alvarez,52.0,donald.alvarez@company.com,48841.0,Finance,2024-03-06,Boston
Aaron Allen,40.0,aaron.allen@company.com,42263.0,IT,2023-04-19,Pittsburgh
Kathleen Morgan,36.0,kathleen.morgan@company.com,111259.0,Engineering,2023-07-29,New York
Sandra Ward,42.0,sandra.ward@company.com,113151.0,Marketing,2024-12-11,Boston
Carol Morales,43.0,carol.morales@company.com,65821.0,Sales,2023-01-21,Columbus
Rachel Morales,31.0,rachel.morales@company.com,69461.0,Engineering,2024-08-21,Austin
Samuel Patel,62.0,samuel.patel@company.com,61420.0,Marketing,2024-05-24,Boston
Charles Bailey,53.0,charles.bailey@company.com,97516.0,Sales,2023-12-31,New Orleans
Joseph White,25.0,joseph.white@company.com,37420.0,Marketing,2024-03-21,Charlotte
Matthew Rodriguez,36.0,matthew.rodriguez@company.com,42390.0,Operations,2024-10-20,San Antonio
Linda Chavez,28.0,linda.chavez@company.com,89192.0,Sales,2023-09-20,Boston
Shirley Stewart,54.0,shirley.stewart@company.com,70342.0,HR,2023-07-15,Seattle
Jack Baker,56.0,jack.baker@company.com,99124.0,Engineering,2023-12-31,Seattle
Donald Nguyen,44.0,donald.nguyen@company.com,55170.0,HR,2023-11-16,Columbus
Pamela Alvarez,39.0,pamela.alvarez@company.com,117165.0,IT,2023-04-27,Minneapolis
David Mendoza,61.0,david.mendoza@company.com,40305.0,Engineering,2023-11-08,Jacksonville
Kevin Baker,49.0,kevin.baker@company.com,109971.0,Customer Support,2024-03-11,Nashville
Jonathan Gomez,44.0,jonathan.gomez@company.com,50232.0,HR,2024-02-27,Pittsburgh
Jennifer Wood,44.0,jennifer.wood@company.com,79966.0,Finance,2023-03-23,Philadelphia
,,,,,,
Rachel Collins,50.0,rachel.collins@company.com,86080.0,IT,2024-01-05,Columbus
Christine Morales,38.0,christine.morales@company.com,71139.0,Sales,2023-10-25,New York
Maria Jones,56.0,maria.jones@company.com,58433.0,IT,2023-04-12,Atlanta
Rebecca Myers,61.0,rebecca.myers@company.com,104501.0,Marketing,2024-08-11,San Jose
Larry Kim,46.0,larry.kim@company.com,81748.0,HR,2024-08-16,Memphis
Steven Baker,28.0,steven.baker@company.com,87060.0,Finance,2024-10-14,Denver
Andrew Bailey,30.0,andrew.bailey@company.com,93540.0,HR,2024-05-27,Indianapolis
Tyler Hernandez,37.0,tyler.hernandez@company.com,95075.0,Customer Support,2023-10-24,Charlotte
Brian Lewis,39.0,brian.lewis@company.com,114911.0,Operations,2024-07-30,New York
Jessica Morris,61.0,jessica.morris@company.com,67934.0,IT,2024-04-22,Seattle
Jerry Gonzalez,56.0,jerry.gonzalez@company.com,118759.0,Operations,2024-05-13,Charlotte
Eric Edwards,60.0,eric.edwards@company.com,103929.0,IT,2024-05-16,Boston
Edward Davis,31.0,edward.davis@company.com,104603.0,Customer Support,2024-09-03,Denver
Laura Young,44.0,laura.young@company.com,110140.0,Marketing,2024-01-05,Portland
Katherine Davis,60.0,katherine.davis@company.com,40120.0,Customer Support,2023-09-07,Minneapolis
  Kimberly White  ,36.0,kimberly.white@company.com,45516.0,HR,2023-05-03,Indianapolis
James Rivera,51.0,james.rivera@company.com,110085.0,Finance,2024-01-30,Seattle
William Allen,62.0,william.allen@company.com,111048.0,Operations,2023-07-09,New Orleans
Matthew Robinson,30.0,matthew.robinson@company.com,60172.0,Engineering,2023-01-05,Memphis
Margaret Phillips,22.0,margaret.phillips@company.com,70089.0,Marketing,2023-04-20,Baltimore
Patrick Patel,65.0,patrick.patel@company.com,81464.0,IT,2024-10-12,Miami
  Steven Gomez  ,58.0,steven.gomez@company.com,116450.0,Sales,2024-02-26,Tampa
Kimberly Williams,64.0,kimberly.williams@company.com,86014.0,IT,2023-09-21,Minneapolis
Jeffrey Thompson,41.0,jeffrey.thompson@company.com,45597.0,Sales,2023-03-30,Houston
Jonathan Reyes,28.0,jonathan.reyes@company.com,51593.0,HR,2024-10-04,San Diego
Robert Chavez,45.0,robert.chavez@company.com,86455.0,Finance,2023-07-18,Baltimore
Elizabeth Ruiz,26.0,elizabeth.ruiz@company.com,97344.0,IT,2023-06-15,San Antonio
Gregory Alvarez,58.0,gregory.alvarez@company.com,56277.0,Finance,2024-01-21,San Francisco
Daniel Watson,65.0,daniel.watson@company.com,48041.0,HR,2023-12-04,Pittsburgh
Steven Jackson,26.0,steven.jackson@company.com,110807.0,Marketing,2023-05-02,Minneapolis
Christine Watson,42.0,christine.watson@company.com,94162.0,Operations,2024-05-15,Denver
Susan Chavez,48.0,susan.chavez@company.com,80953.0,Customer Support,2023-08-11,San Antonio
John Rivera,57.0,john.rivera@company.com,73844.0,Operations,2023-10-13,New Orleans
Barbara Young,53.0,barbara.young@company.com,82444.0,Engineering,2024-01-16,Nashville
Maria Jones,29.0,maria.jones@company.com,89472.0,IT,2024-08-08,San Antonio
Patrick Stewart,32.0,patrick.stewart@company.com,61857.0,Customer Support,2023-01-19,Detroit
Jason Murphy,33.0,jason.murphy@company.com,90024.0,Customer Support,2023-06-24,Houston
Nancy Lee,62.0,nancy.lee@company.com,81744.0,IT,2023-03-25,Phoenix
Aaron Moore,52.0,aaron.moore@company.com,114447.0,Customer Support,2023-07-23,Miami
Donald Rogers,50.0,donald.rogers@company.com,95459.0,Marketing,2023-09-29,Detroit
Diane Ramos,56.0,diane.ramos@company.com,48559.0,IT,2023-01-24,Fort Worth
Lisa Diaz,43.0,lisa.diaz@company.com,42135.0,Marketing,2023-11-26,Boston
Jennifer Johnson,45.0,jennifer.johnson@company.com,105620.0,Finance,2023-04-10,Portland
Shirley Davis,34.0,shirley.davis@company.com,96497.0,IT,2023-03-10,Jacksonville
Kenneth Richardson,43.0,kenneth.richardson@company.com,39137.0,Marketing,2024-06-17,Minneapolis
Christine Brown,59.0,christine.brown@company.com,113070.0,Finance,2023-11-04,San Antonio
  Jack Cox  ,59.0,jack.cox@company.com,71119.0,Engineering,2023-09-03,Houston
Eric Cooper,54.0,eric.cooper@company.com,37646.0,Finance,2024-03-30,Austin
David Davis,44.0,david.davis@company.com,43456.0,Marketing,2024-11-06,Jacksonville
Michelle Garcia,40.0,michelle.garcia@company.com,94369.0,Marketing,2024-03-02,Minneapolis
Amanda Howard,49.0,amanda.howard@company.com,97094.0,Engineering,2024-04-08,Fort Worth
Mary Clark,24.0,mary.clark@company.com,100086.0,IT,2023-05-18,Dallas
Debra Allen,58.0,debra.allen@company.com,99612.0,IT,2024-07-10,Baltimore
Edward Martin,64.0,edward.martin@company.com,43210.0,Finance,2023-03-15,Cleveland
Katherine Martinez,40.0,katherine.martinez@company.com,73072.0,Marketing,2024-04-24,Dallas
Margaret Wright,62.0,margaret.wright@company.com,42932.0,Customer Support,2024-03-30,Boston
Ryan Chavez,40.0,ryan.chavez@company.com,44673.0,IT,2024-10-03,Charlotte
Elizabeth Rodriguez,58.0,elizabeth.rodriguez@company.com,86569.0,Customer Support,2023-02-03,Austin
Susan Lewis,59.0,susan.lewis@company.com,109138.0,IT,2024-12-03,Columbus
Christopher Morris,46.0,christopher.morris@company.com,112515.0,Marketing,2024-01-08,Charlotte
Kenneth Martinez,45.0,kenneth.martinez@company.com,117847.0,Engineering,2024-02-08,Boston
Melissa Morales,56.0,melissa.morales@company.com,51548.0,Operations,2023-09-08,Tampa
Thomas Campbell,60.0,thomas.campbell@company.com,95240.0,Marketing,2024-03-13,Los Angeles
Katherine Clark,22.0,katherine.clark@company.com,74087.0,Sales,2023-01-20,Chicago
Helen Rogers,28.0,helen.rogers@company.com,46642.0,Sales,2023-07-12,Charlotte
Nicole Thomas,62.0,nicole.thomas@company.com,49144.0,Customer Support,2024-06-17,Cleveland
Jessica Garcia,62.0,jessica.garcia@company.com,77788.0,Operations,2024-09-14,Austin
Janet Smith,25.0,janet.smith@company.com,74103.0,IT,2023-11-24,Phoenix
Frank Stewart,22.0,frank.stewart@company.com,111230.0,IT,2024-07-06,Philadelphia
Emma Ruiz,62.0,emma.ruiz@company.com,108816.0,Operations,2023-02-14,Austin
Anthony Diaz,47.0,anthony.diaz@company.com,112936.0,HR,2024-01-30,Atlanta
Ashley Richardson,51.0,ashley.richardson@company.com,110178.0,Customer Support,2023-06-15,New York
Margaret Young,39.0,margaret.young@company.com,76827.0,Finance,2023-09-13,Fort Worth
  Shirley Ward  ,36.0,shirley.ward@company.com,102590.0,Engineering,2024-07-27,Tampa
Jerry Gray,33.0,jerry.gray@company.com,104828.0,Finance,2024-07-17,Atlanta
Paul Brooks,24.0,paul.brooks@company.com,68243.0,Marketing,2023-10-20,San Diego
Kenneth Sanchez,59.0,kenneth.sanchez@company.com,68434.0,Customer Support,2024-03-04,San Diego
Susan Morris,39.0,susan.morris@company.com,56025.0,Customer Support,2024-03-25,Detroit
Catherine White,58.0,catherine.white@company.com,36009.0,Sales,2024-10-05,Nashville
Ryan Wood,27.0,ryan.wood@company.com,45062.0,Operations,2024-02-17,New York
Cynthia Martin,57.0,cynthia.martin@company.com,119660.0,IT,2023-06-28,Charlotte
Mark Harris,26.0,mark.harris@company.com,93255.0,Sales,2023-05-11,New Orleans
Helen Ramirez,36.0,helen.ramirez@company.com,84663.0,Operations,2024-08-13,Atlanta
Maria Miller,57.0,maria.miller@company.com,115638.0,Customer Support,2023-07-03,Fort Worth
Kevin Morgan,45.0,kevin.morgan@company.com,43548.0,Marketing,2024-12-26,Dallas
Elizabeth Sanders,51.0,elizabeth.sanders@company.com,63913.0,Engineering,2024-07-11,Houston
Michelle Moore,37.0,michelle.moore@company.com,102749.0,Engineering,2023-11-25,Nashville
Lisa Robinson,38.0,lisa.robinson@company.com,102316.0,HR,2023-12-24,Tampa
Kenneth Rivera,46.0,kenneth.rivera@company.com,83141.0,Marketing,2024-04-29,New Orleans
Paul Thomas,51.0,paul.thomas@company.com,89130.0,HR,2024-06-09,Charlotte
Aaron Howard,31.0,aaron.howard@company.com,52717.0,Engineering,2023-06-11,Phoenix
Gary Campbell,26.0,gary.campbell@company.com,115455.0,HR,2023-04-18,Miami
Melissa Reed,36.0,melissa.reed@company.com,74973.0,Sales,2023-10-26,Atlanta
Donald Parker,28.0,donald.parker@company.com,110179.0,Finance,2023-08-15,San Diego
Samantha Rogers,31.0,samantha.rogers@company.com,103637.0,HR,2023-06-08,Cleveland
Betty Myers,45.0,betty.myers@company.com,72231.0,Engineering,2023-02-19,Baltimore
Samantha Gomez,58.0,samantha.gomez@company.com,114612.0,Engineering,2023-12-11,Charlotte
Sharon Gray,58.0,sharon.gray@company.com,103160.0,Engineering,2024-11-07,Philadelphia
Margaret Harris,54.0,margaret.harris@company.com,48954.0,IT,2023-04-20,Dallas
James Bennett,49.0,james.bennett@company.com,110424.0,Customer Support,2024-02-08,Nashville
George Diaz,39.0,george.diaz@company.com,41630.0,IT,2023-05-09,San Jose
Diane Taylor,33.0,diane.taylor@company.com,81052.0,Finance,2024-01-18,Cleveland
,,,,,,
Lisa Jackson,59.0,lisa.jackson@company.com,84031.0,Marketing,2023-03-26,Columbus
Gary Stewart,34.0,gary.stewart@company.com,94958.0,Customer Support,2024-10-31,Denver
  Aaron Bailey  ,52.0,aaron.bailey@company.com,81610.0,Operations,2024-02-08,Memphis
Matthew Myers,61.0,matthew.myers@company.com,56105.0,Finance,2024-03-09,Chicago
Dorothy Patel,23.0,dorothy.patel@company.com,55943.0,HR,2024-06-11,Philadelphia
Joseph Lee,49.0,joseph.lee@company.com,117139.0,Customer Support,2023-12-25,Philadelphia
Steven Gray,53.0,steven.gray@company.com,88308.0,Finance,2023-12-01,San Jose
Ryan Howard,35.0,ryan.howard@company.com,81407.0,Sales,2024-02-16,Fort Worth
George Rogers,62.0,george.rogers@company.com,114415.0,HR,2024-05-20,Detroit
Helen Diaz,43.0,helen.diaz@company.com,100067.0,Engineering,2023-02-05,Austin
Amanda Morales,48.0,amanda.morales@company.com,65384.0,Marketing,2024-11-19,Seattle
Amanda Castillo,60.0,amanda.castillo@company.com,119750.0,Customer Support,2023-07-12,Baltimore
Rachel Collins,49.0,rachel.collins@company.com,119986.0,Marketing,2023-03-13,Austin
Patrick Hughes,25.0,patrick.hughes@company.com,45966.0,Operations,2024-11-18,Nashville
Ryan Bailey,63.0,ryan.bailey@company.com,85032.0,IT,2023-05-02,Jacksonville
Katherine Clark,50.0,katherine.clark@company.com,64706.0,Sales,2023-06-08,Fort Worth
Larry Wright,42.0,larry.wright@company.com,46680.0,Operations,2024-06-12,Nashville
Aaron Robinson,54.0,aaron.robinson@company.com,38213.0,Marketing,2024-12-25,Nashville
Donna Roberts,32.0,donna.roberts@company.com,45856.0,Engineering,2024-06-18,Minneapolis
Brian Cox,64.0,brian.cox@company.com,74197.0,Operations,2024-02-29,Cleveland
Melissa Lewis,32.0,melissa.lewis@company.com,101186.0,Sales,2024-03-13,Dallas
Cynthia Edwards,60.0,cynthia.edwards@company.com,97325.0,Marketing,2023-08-13,Columbus
Melissa Bennett,59.0,melissa.bennett@company.com,106053.0,Operations,2023-07-28,Atlanta
Brenda Sanders,39.0,brenda.sanders@company.com,57667.0,Customer Support,2024-02-03,Austin
Carolyn Diaz,36.0,carolyn.diaz@company.com,107454.0,Engineering,2024-06-13,Boston
Anna Phillips,41.0,anna.phillips@company.com,64440.0,Engineering,2023-04-13,Boston
  Susan Sanchez  ,37.0,susan.sanchez@company.com,105833.0,Finance,2024-04-26,Columbus
Justin Howard,24.0,justin.howard@company.com,106438.0,Engineering,2023-05-07,Atlanta
Jonathan Ramirez,23.0,jonathan.ramirez@company.com,36490.0,Engineering,2024-05-21,Pittsburgh
Sarah Sanders,65.0,sarah.sanders@company.com,91092.0,Customer Support,2023-10-30,Denver
Paul Walker,22.0,paul.walker@company.com,77411.0,Finance,2023-07-25,Baltimore
Patricia Morales,35.0,patricia.morales@company.com,56687.0,Finance,2023-07-11,Philadelphia
Sandra Diaz,55.0,sandra.diaz@company.com,35497.0,Engineering,2024-03-08,Chicago
Sandra Young,64.0,sandra.young@company.com,84927.0,Marketing,2024-06-18,Cleveland
Carolyn Thompson,35.0,carolyn.thompson@company.com,48277.0,Sales,2023-11-23,Pittsburgh
Daniel Bennett,55.0,daniel.bennett@company.com,92726.0,IT,2024-06-11,Atlanta
Elizabeth Rodriguez,37.0,elizabeth.rodriguez@company.com,80874.0,Marketing,2023-04-10,San Jose
Gary Ramirez,37.0,gary.ramirez@company.com,90575.0,Customer Support,2023-11-25,Nashville
Diane Kelly,61.0,diane.kelly@company.com,55581.0,HR,2024-07-09,Chicago
Timothy Phillips,51.0,timothy.phillips@company.com,68371.0,Operations,2024-03-13,New Orleans
Helen Myers,44.0,helen.myers@company.com,99014.0,Customer Support,2024-07-25,Dallas
Margaret Patel,38.0,margaret.patel@company.com,49499.0,Operations,2024-05-06,Portland
Amy Morales,28.0,amy.morales@company.com,56425.0,Finance,2023-10-04,Denver
Diane Rodriguez,64.0,diane.rodriguez@company.com,79974.0,IT,2024-02-17,Miami
Matthew Garcia,33.0,matthew.garcia@company.com,45681.0,Operations,2023-07-27,Los Angeles
Nancy Scott,55.0,nancy.scott@company.com,88199.0,HR,2023-11-14,Columbus
Daniel Nguyen,37.0,daniel.nguyen@company.com,40780.0,Customer Support,2023-12-28,Atlanta
Kenneth Torres,64.0,kenneth.torres@company.com,70294.0,Customer Support,2024-12-08,Austin
Sandra Lee,48.0,sandra.lee@company.com,72091.0,HR,2023-02-26,Chicago
Kevin Patel,22.0,kevin.patel@company.com,83751.0,Sales,2024-12-23,New Orleans
Patricia Kim,44.0,patricia.kim@company.com,83906.0,Operations,2024-10-03,Chicago
Jason Gutierrez,44.0,jason.gutierrez@company.com,94107.0,Finance,2024-06-11,Philadelphia
Jennifer Ramirez,52.0,jennifer.ramirez@company.com,91531.0,Engineering,2023-06-01,Denver
Jason Kelly,54.0,jason.kelly@company.com,49116.0,Sales,2023-01-23,Los Angeles
Stephanie Diaz,37.0,stephanie.diaz@company.com,61283.0,Customer Support,2024-05-03,Austin
Justin Gonzalez,32.0,justin.gonzalez@company.com,49271.0,Customer Support,2023-03-12,Indianapolis
Benjamin Jackson,34.0,benjamin.jackson@company.com,47002.0,HR,2024-11-14,Phoenix
Sandra Miller,27.0,sandra.miller@company.com,111728.0,Finance,2023-09-23,Jacksonville
Emily Nguyen,47.0,emily.nguyen@company.com,69925.0,HR,2024-06-27,New York
Thomas Mendoza,63.0,thomas.mendoza@company.com,87679.0,Engineering,2024-08-12,Chicago
Samantha Jackson,29.0,samantha.jackson@company.com,109197.0,Operations,2024-05-07,Memphis
  Alexander Evans  ,54.0,alexander.evans@company.com,71419.0,Marketing,2024-12-17,Chicago
Tyler Wood,24.0,tyler.wood@company.com,102142.0,Engineering,2024-01-08,Columbus
Jeffrey Morgan,52.0,jeffrey.morgan@company.com,116518.0,Operations,2023-03-17,Denver
John Rodriguez,48.0,john.rodriguez@company.com,66368.0,Marketing,2024-01-08,New York
Anna Price,34.0,anna.price@company.com,62437.0,Marketing,2023-04-07,Columbus
Jacob Diaz,33.0,jacob.diaz@company.com,93434.0,Engineering,2023-03-18,Nashville
Karen Cruz,60.0,karen.cruz@company.com,71582.0,IT,2023-03-30,Minneapolis
Melissa Robinson,44.0,melissa.robinson@company.com,88581.0,Finance,2024-09-08,Denver
Patricia Scott,26.0,patricia.scott@company.com,76523.0,Customer Support,2024-09-25,Phoenix
George Allen,23.0,george.allen@company.com,65119.0,HR,2024-05-29,Columbus
Larry Ramos,27.0,larry.ramos@company.com,100392.0,Marketing,2024-02-05,Fort Worth
Jessica Gonzalez,31.0,jessica.gonzalez@company.com,95480.0,Marketing,2023-05-29,Chicago
Helen Young,32.0,helen.young@company.com,39612.0,Operations,2023-10-07,Columbus
Aaron Hernandez,36.0,aaron.hernandez@company.com,36574.0,Marketing,2023-03-05,New Orleans
Richard Sanders,26.0,richard.sanders@company.com,44049.0,HR,2024-04-21,Indianapolis
Kevin Gonzalez,36.0,kevin.gonzalez@company.com,65019.0,Customer Support,2024-04-09,Fort Worth
Frank Brown,44.0,frank.brown@company.com,35605.0,IT,2024-05-12,Atlanta
Anthony Young,64.0,anthony.young@company.com,63641.0,Customer Support,2024-01-30,Miami
Joshua Thomas,27.0,joshua.thomas@company.com,52814.0,Operations,2023-09-21,Tampa
Sharon Parker,46.0,sharon.parker@company.com,76363.0,Customer Support,2024-09-27,Pittsburgh
Dennis Roberts,27.0,dennis.roberts@company.com,36115.0,Operations,2023-02-23,Tampa
Joseph Cook,31.0,joseph.cook@company.com,78052.0,IT,2023-11-25,Chicago
Brandon Sanders,35.0,brandon.sanders@company.com,59648.0,HR,2024-05-16,Detroit
Jack Cook,44.0,jack.cook@company.com,56929.0,IT,2023-08-14,Miami
Jerry Castillo,33.0,jerry.castillo@company.com,72418.0,Marketing,2024-12-22,Cleveland
Brenda Davis,60.0,brenda.davis@company.com,79829.0,Customer Support,2024-08-25,Detroit
Stephanie Howard,25.0,stephanie.howard@company.com,100678.0,HR,2024-10-18,San Jose
Anna Morris,58.0,anna.morris@company.com,97409.0,Sales,2023-08-18,Tampa
  Timothy Myers  ,32.0,timothy.myers@company.com,60301.0,Engineering,2023-02-28,Phoenix
  Jacob Torres  ,51.0,jacob.torres@company.com,46310.0,Engineering,2023-06-10,Austin
Emma James,22.0,emma.james@company.com,106907.0,Sales,2024-09-23,Austin
Margaret Williams,49.0,margaret.williams@company.com,73177.0,IT,2023-11-21,Indianapolis
Charles Lee,35.0,charles.lee@company.com,101579.0,HR,2023-08-26,Chicago
William Ruiz,43.0,william.ruiz@company.com,44191.0,Sales,2024-02-24,San Jose
Janet Ruiz,54.0,janet.ruiz@company.com,54782.0,Sales,2024-01-13,Fort Worth
Kevin Price,60.0,kevin.price@company.com,54809.0,IT,2023-10-11,San Francisco
Jonathan Perez,64.0,jonathan.perez@company.com,93105.0,HR,2023-07-02,Seattle
Brian James,34.0,brian.james@company.com,35388.0,Finance,2023-05-11,Cleveland
Kenneth Cooper,44.0,kenneth.cooper@company.com,106224.0,IT,2024-06-01,Jacksonville
Nicholas Robinson,27.0,nicholas.robinson@company.com,112844.0,Marketing,2023-11-30,Chicago
Shirley Green,44.0,shirley.green@company.com,80178.0,Marketing,2023-11-12,New Orleans
Timothy Young,59.0,timothy.young@company.com,102474.0,Engineering,2023-03-31,Charlotte
Eric Martinez,34.0,eric.martinez@company.com,41301.0,Operations,2024-06-25,Los Angeles
Jonathan Stewart,62.0,jonathan.stewart@company.com,35851.0,Sales,2024-09-06,Dallas
  Scott Walker  ,57.0,scott.walker@company.com,66071.0,Operations,2024-04-24,Portland
Sharon Kim,29.0,sharon.kim@company.com,80344.0,Finance,2024-12-09,Charlotte
Susan Lee,56.0,susan.lee@company.com,65929.0,Customer Support,2023-09-17,Chicago
Kenneth Richardson,40.0,kenneth.richardson@company.com,54567.0,Marketing,2024-04-12,Minneapolis
  Daniel Wilson  ,51.0,daniel.wilson@company.com,116168.0,HR,2024-12-23,Houston
Kenneth Williams,63.0,kenneth.williams@company.com,40532.0,Sales,2024-05-27,Indianapolis
Eric Harris,23.0,eric.harris@company.com,60604.0,HR,2023-09-17,Jacksonville
Patricia Reyes,44.0,patricia.reyes@company.com,67283.0,Engineering,2023-01-26,Portland
Betty Cooper,37.0,betty.cooper@company.com,116800.0,Customer Support,2023-08-05,Denver
Jeffrey Adams,62.0,jeffrey.adams@company.com,39747.0,Engineering,2023-07-29,Baltimore
Ruth Peterson,23.0,ruth.peterson@company.com,76840.0,Operations,2023-06-27,New Orleans
Carol Williams,36.0,carol.williams@company.com,88601.0,Operations,2023-09-06,San Antonio
Janet Young,39.0,janet.young@company.com,109830.0,Finance,2023-10-14,Phoenix
Rachel Wilson,52.0,rachel.wilson@company.com,56396.0,Sales,2024-09-21,New Orleans
Jennifer Gomez,39.0,jennifer.gomez@company.com,51847.0,Sales,2023-08-29,Denver
Brandon Mendoza,40.0,brandon.mendoza@company.com,82719.0,Finance,2024-08-15,New York
Nicole Cox,32.0,nicole.cox@company.com,43867.0,Marketing,2024-09-05,Memphis
David Rogers,24.0,david.rogers@company.com,88167.0,HR,2023-05-30,San Jose
Michael Morris,53.0,michael.morris@company.com,108950.0,Engineering,2024-02-29,Phoenix
Samantha Lewis,47.0,samantha.lewis@company.com,47947.0,IT,2023-10-21,Columbus
Alexander Alvarez,49.0,alexander.alvarez@company.com,81497.0,Sales,2023-10-12,Boston
Angela Rivera,59.0,angela.rivera@company.com,76359.0,Customer Support,2023-02-04,Indianapolis
Carol Reyes,60.0,carol.reyes@company.com,68132.0,HR,2023-02-16,Charlotte
John Harris,57.0,john.harris@company.com,102982.0,HR,2023-03-11,San Francisco
  Laura Baker  ,32.0,laura.baker@company.com,78279.0,Sales,2024-07-31,Jacksonville
Shirley Peterson,65.0,shirley.peterson@company.com,82418.0,Customer Support,2023-05-19,Seattle
  Kenneth Martin  ,32.0,kenneth.martin@company.com,61567.0,HR,2023-01-24,Minneapolis
Matthew Torres,45.0,matthew.torres@company.com,88478.0,Sales,2023-01-03,Portland
Edward Parker,49.0,edward.parker@company.com,39771.0,Customer Support,2023-08-17,Los Angeles
Jessica Watson,41.0,jessica.watson@company.com,112579.0,Customer Support,2024-11-26,Los Angeles
  Matthew Collins  ,26.0,matthew.collins@company.com,114256.0,Engineering,2024-12-04,Houston
Ashley Castillo,25.0,ashley.castillo@company.com,61885.0,Operations,2023-11-21,Detroit
Jack Castillo,59.0,jack.castillo@company.com,111397.0,HR,2024-07-01,Jacksonville
Robert Wilson,57.0,robert.wilson@company.com,86087.0,Marketing,2023-03-06,Atlanta
Samuel Clark,49.0,samuel.clark@company.com,114343.0,HR,2024-04-24,Columbus
Jacob Stewart,56.0,jacob.stewart@company.com,95686.0,Sales,2024-04-23,San Antonio
Debra Gutierrez,63.0,debra.gutierrez@company.com,76331.0,Finance,2023-05-27,New York
John Wilson,27.0,john.wilson@company.com,51697.0,Customer Support,2024-02-29,New Orleans
Gary Edwards,53.0,gary.edwards@company.com,92834.0,Engineering,2023-12-10,San Francisco
David Ramos,61.0,david.ramos@company.com,119830.0,Engineering,2024-03-08,Charlotte
Timothy Young,59.0,timothy.young@company.com,102474.0,Engineering,2023-03-31,Charlotte
Ronald Jones,46.0,ronald.jones@company.com,109350.0,IT,2023-07-02,Chicago
Thomas Martin,52.0,thomas.martin@company.com,53214.0,IT,2024-01-12,San Jose
George Reyes,27.0,george.reyes@company.com,96478.0,Marketing,2023-08-28,Detroit
Shirley Gray,51.0,shirley.gray@company.com,104726.0,Finance,2024-02-23,Los Angeles
Mark Stewart,29.0,mark.stewart@company.com,118515.0,HR,2024-07-29,San Jose
Shirley Thomas,48.0,shirley.thomas@company.com,72061.0,HR,2023-01-23,Miami
Lisa Sanders,36.0,lisa.sanders@company.com,91206.0,IT,2023-01-26,Nashville
Frank Lewis,41.0,frank.lewis@company.com,110609.0,Customer Support,2023-12-24,Nashville
Michael Alvarez,53.0,michael.alvarez@company.com,54227.0,Operations,2024-02-26,Cleveland
Sandra Martin,22.0,sandra.martin@company.com,82676.0,Marketing,2023-01-26,Fort Worth
William Hall,58.0,william.hall@company.com,61653.0,Operations,2024-11-03,Chicago
Stephanie Gomez,55.0,stephanie.gomez@company.com,101166.0,IT,2023-04-04,Boston
Kathleen Reyes,53.0,kathleen.reyes@company.com,108429.0,Marketing,2024-05-27,Atlanta
Elizabeth Edwards,60.0,elizabeth.edwards@company.com,70010.0,Engineering,2023-04-29,Detroit
Elizabeth Phillips,38.0,elizabeth.phillips@company.com,72271.0,Sales,2023-09-25,Atlanta
Stephen Ramirez,28.0,stephen.ramirez@company.com,74423.0,Marketing,2024-08-31,Charlotte
Ashley Price,47.0,ashley.price@company.com,35777.0,Sales,2023-02-06,Detroit
Barbara Alvarez,22.0,barbara.alvarez@company.com,114098.0,Marketing,2023-03-05,Minneapolis
Karen Cook,54.0,karen.cook@company.com,104016.0,Operations,2023-03-30,San Diego
Ronald Diaz,63.0,ronald.diaz@company.com,67939.0,Customer Support,2023-03-02,Memphis
Ryan Taylor,43.0,ryan.taylor@company.com,67438.0,HR,2024-10-03,Philadelphia
Ashley Sanders,63.0,ashley.sanders@company.com,63851.0,Finance,2023-04-21,Philadelphia
Lisa Peterson,22.0,lisa.peterson@company.com,79063.0,Customer Support,2023-04-08,Memphis
Kimberly Gray,27.0,kimberly.gray@company.com,60743.0,Engineering,2024-07-25,Dallas
Stephen Perez,62.0,stephen.perez@company.com,84736.0,Operations,2023-12-02,Atlanta
Jessica Nelson,40.0,jessica.nelson@company.com,54590.0,HR,2024-12-27,Philadelphia
Heather Kim,62.0,heather.kim@company.com,91510.0,IT,2023-11-22,Columbus
Jacob Price,63.0,jacob.price@company.com,40816.0,Engineering,2023-11-12,Phoenix
Gary Nguyen,47.0,gary.nguyen@company.com,45362.0,Finance,2023-10-30,Portland
Nancy Mendoza,27.0,nancy.mendoza@company.com,101364.0,IT,2023-02-18,Indianapolis
Katherine Gomez,53.0,katherine.gomez@company.com,96443.0,Operations,2023-02-13,Los Angeles
Jason Turner,51.0,jason.turner@company.com,48640.0,HR,2024-07-13,Fort Worth
Laura Scott,34.0,laura.scott@company.com,50726.0,Engineering,2024-08-19,Pittsburgh
Emma Phillips,45.0,emma.phillips@company.com,80436.0,Customer Support,2024-06-18,Baltimore
Sandra Garcia,24.0,sandra.garcia@company.com,103694.0,Engineering,2023-03-07,Pittsburgh
Mark Morales,58.0,mark.morales@company.com,80706.0,Customer Support,2024-04-21,Portland
Anthony Wright,22.0,anthony.wright@company.com,93581.0,IT,2024-02-24,Los Angeles
  Janet Nelson  ,62.0,janet.nelson@company.com,104540.0,Sales,2024-10-09,Pittsburgh
Dennis Lewis,31.0,dennis.lewis@company.com,41504.0,Engineering,2024-05-19,San Francisco
Sharon Cooper,57.0,sharon.cooper@company.com,47935.0,Finance,2024-09-08,Phoenix
Jack Harris,58.0,jack.harris@company.com,94373.0,Operations,2023-02-03,Boston
Karen Edwards,47.0,karen.edwards@company.com,118263.0,Marketing,2024-04-01,Seattle
Sharon Hill,49.0,sharon.hill@company.com,41681.0,Customer Support,2023-10-18,Austin
Joshua Hernandez,53.0,joshua.hernandez@company.com,35070.0,Customer Support,2024-05-15,Seattle
Heather Morales,25.0,heather.morales@company.com,115929.0,Sales,2023-10-18,Columbus
Brian Turner,30.0,brian.turner@company.com,114867.0,HR,2024-01-11,Fort Worth
Emma Bailey,59.0,emma.bailey@company.com,38962.0,Marketing,2024-06-19,Baltimore
Karen Bailey,64.0,karen.bailey@company.com,78022.0,Customer Support,2023-01-09,Jacksonville
  William Rivera  ,40.0,william.rivera@company.com,110652.0,Finance,2024-08-06,New Orleans
Melissa Martinez,51.0,melissa.martinez@company.com,101797.0,HR,2023-09-26,Detroit
  Sharon Price  ,53.0,sharon.price@company.com,98926.0,Customer Support,2024-07-02,Fort Worth
Robert Wright,33.0,robert.wright@company.com,52756.0,Operations,2024-04-12,Charlotte
Paul Rogers,61.0,paul.rogers@company.com,119907.0,Finance,2024-02-02,San Francisco
Justin Kelly,55.0,justin.kelly@company.com,63001.0,HR,2023-05-24,Minneapolis
Melissa Ramirez,40.0,melissa.ramirez@company.com,58343.0,Finance,2024-12-24,Philadelphia
Carol Watson,33.0,carol.watson@company.com,82557.0,IT,2023-07-31,Tampa
Brandon Rogers,58.0,brandon.rogers@company.com,62752.0,Customer Support,2024-02-03,Pittsburgh
Ashley Walker,34.0,ashley.walker@company.com,47444.0,HR,2024-12-23,Austin
Nicole Morales,54.0,nicole.morales@company.com,53613.0,Operations,2023-10-07,Jacksonville
Cynthia Carter,47.0,cynthia.carter@company.com,105795.0,Engineering,2023-02-04,Fort Worth
Ryan Scott,44.0,ryan.scott@company.com,99972.0,Engineering,2024-10-22,Houston
Sandra Edwards,46.0,sandra.edwards@company.com,103480.0,HR,2023-10-03,Columbus
Dennis Taylor,39.0,dennis.taylor@company.com,78736.0,Marketing,2023-11-08,Nashville
Justin Collins,35.0,justin.collins@company.com,115466.0,Marketing,2024-10-13,New York
David Ward,24.0,david.ward@company.com,109745.0,Customer Support,2024-05-07,Atlanta
Brenda Turner,45.0,brenda.turner@company.com,106972.0,IT,2024-04-24,Austin
Frank Price,25.0,frank.price@company.com,57754.0,Operations,2024-07-19,Detroit
Rachel Lee,37.0,rachel.lee@company.com,54756.0,Finance,2024-02-08,Denver
Christine Mendoza,50.0,christine.mendoza@company.com,103918.0,Marketing,2023-09-14,Pittsburgh
Steven Morgan,44.0,steven.morgan@company.com,113475.0,Customer Support,2024-04-12,Philadelphia
Donna Williams,56.0,donna.williams@company.com,115974.0,HR,2024-02-25,Tampa
Lisa Collins,35.0,lisa.collins@company.com,61742.0,Operations,2024-08-28,San Diego
Paul Gray,27.0,paul.gray@company.com,69493.0,Operations,2023-11-18,San Jose
Samuel Nelson,38.0,samuel.nelson@company.com,88910.0,Sales,2024-02-25,Los Angeles
Andrew Reyes,50.0,andrew.reyes@company.com,54362.0,Marketing,2023-05-22,Phoenix
Frank Hughes,22.0,frank.hughes@company.com,62043.0,IT,2024-05-21,New Orleans
Joseph Hill,47.0,joseph.hill@company.com,91006.0,Finance,2024-08-30,Boston
Anna Sanchez,28.0,anna.sanchez@company.com,37109.0,Sales,2023-01-04,New York
Kevin Cook,28.0,kevin.cook@company.com,76623.0,Marketing,2023-03-10,Philadelphia
Shirley Brooks,44.0,shirley.brooks@company.com,76131.0,Engineering,2024-06-16,Los Angeles
Pamela Flores,22.0,pamela.flores@company.com,119377.0,IT,2024-07-03,New Orleans
Joseph Smith,28.0,joseph.smith@company.com,78176.0,Marketing,2023-12-29,Charlotte
Donald Gomez,45.0,donald.gomez@company.com,78342.0,Engineering,2023-12-19,San Diego
Karen Gutierrez,30.0,karen.gutierrez@company.com,56271.0,Finance,2023-09-23,Philadelphia
Nicholas Robinson,27.0,nicholas.robinson@company.com,112844.0,Marketing,2023-11-30,Chicago
Michael Walker,23.0,michael.walker@company.com,83161.0,IT,2024-10-12,Tampa
Aaron Baker,64.0,aaron.baker@company.com,84141.0,HR,2023-01-09,Denver
Thomas Patel,30.0,thomas.patel@company.com,56051.0,Marketing,2024-09-19,Atlanta
Matthew Baker,29.0,matthew.baker@company.com,36957.0,Marketing,2023-06-22,Chicago
Jennifer Thomas,61.0,jennifer.thomas@company.com,108844.0,Operations,2024-03-31,Chicago
Raymond Howard,45.0,raymond.howard@company.com,54848.0,HR,2023-03-10,Miami
Debra Perez,42.0,debra.perez@company.com,107649.0,Finance,2024-04-25,Seattle
Gary Morgan,50.0,gary.morgan@company.com,92593.0,Marketing,2023-03-12,Baltimore
Ronald Cox,57.0,ronald.cox@company.com,118260.0,Operations,2024-12-03,Detroit
Emma Kelly,50.0,emma.kelly@company.com,111048.0,Customer Support,2024-09-16,Detroit
Jessica White,41.0,jessica.white@company.com,93391.0,Marketing,2023-05-26,San Antonio
Ronald Lee,22.0,ronald.lee@company.com,116321.0,Operations,2023-04-23,Portland
Jessica Sanders,32.0,jessica.sanders@company.com,44599.0,Customer Support,2023-06-14,Nashville
Robert Sanchez,49.0,robert.sanchez@company.com,72574.0,Marketing,2024-03-26,Los Angeles
Matthew Adams,55.0,matthew.adams@company.com,116137.0,Finance,2023-05-15,Jacksonville
Rebecca Campbell,35.0,rebecca.campbell@company.com,59819.0,HR,2023-10-24,Jacksonville
  Margaret Baker  ,53.0,margaret.baker@company.com,92085.0,HR,2024-05-11,Indianapolis
Jason Walker,24.0,jason.walker@company.com,40700.0,Engineering,2023-03-27,San Antonio
Angela Howard,25.0,angela.howard@company.com,73498.0,Customer Support,2024-07-22,San Jose
Linda Brooks,23.0,linda.brooks@company.com,103476.0,Marketing,2024-12-27,Memphis
Lisa Torres,51.0,lisa.torres@company.com,58420.0,Engineering,2024-08-23,Indianapolis
Ryan Price,49.0,ryan.price@company.com,90436.0,Sales,2023-08-30,Phoenix
James Davis,34.0,james.davis@company.com,41865.0,Marketing,2024-02-27,Denver
Elizabeth Myers,41.0,elizabeth.myers@company.com,104206.0,HR,2023-01-14,Minneapolis
Patricia Lee,45.0,patricia.lee@company.com,84031.0,IT,2024-01-02,Denver
Nancy Clark,45.0,nancy.clark@company.com,86609.0,Finance,2024-05-13,Minneapolis
Sharon Parker,46.0,sharon.parker@company.com,76363.0,Customer Support,2024-09-27,Pittsburgh
Pamela Wright,64.0,pamela.wright@company.com,88485.0,Engineering,2024-08-04,Chicago
Nicole Garcia,28.0,nicole.garcia@company.com,79563.0,Operations,2023-09-22,San Diego
Nancy Moore,56.0,nancy.moore@company.com,56591.0,Customer Support,2023-01-06,San Diego
William Harris,57.0,william.harris@company.com,106467.0,Engineering,2023-12-31,New York
Sarah Young,43.0,sarah.young@company.com,43302.0,Operations,2024-06-30,Minneapolis
Stephanie Reyes,34.0,stephanie.reyes@company.com,97850.0,Engineering,2023-10-08,Pittsburgh
Linda Young,33.0,linda.young@company.com,67814.0,HR,2024-06-02,Austin
Dennis Myers,22.0,dennis.myers@company.com,51987.0,IT,2024-10-11,Fort Worth
Steven Turner,48.0,steven.turner@company.com,98513.0,Customer Support,2023-09-13,Austin
Anthony Mendoza,32.0,anthony.mendoza@company.com,82281.0,Marketing,2024-12-16,Jacksonville
Alexander Ramirez,54.0,alexander.ramirez@company.com,112214.0,Engineering,2023-09-30,Philadelphia
  Dorothy Ramirez  ,64.0,dorothy.ramirez@company.com,89165.0,Finance,2023-08-23,Pittsburgh
Michelle Sanchez,49.0,michelle.sanchez@company.com,86692.0,HR,2023-07-28,Atlanta
Melissa Rodriguez,57.0,melissa.rodriguez@company.com,63058.0,Finance,2023-05-18,Austin
Amanda Hernandez,32.0,amanda.hernandez@company.com,98648.0,IT,2023-06-11,Pittsburgh
Debra Kim,61.0,debra.kim@company.com,40894.0,Sales,2023-04-07,Miami
Carolyn Gomez,32.0,carolyn.gomez@company.com,114297.0,Operations,2023-09-15,Indianapolis
Debra Adams,40.0,debra.adams@company.com,75955.0,HR,2024-11-13,San Diego
Michael Jackson,48.0,michael.jackson@company.com,89892.0,IT,2024-03-20,San Jose
Charles Hernandez,32.0,charles.hernandez@company.com,86811.0,IT,2024-01-29,Memphis
Nancy Gutierrez,42.0,nancy.gutierrez@company.com,113587.0,Operations,2024-06-05,San Antonio
Helen Cooper,39.0,helen.cooper@company.com,111618.0,Finance,2023-10-22,Dallas
Andrew Wilson,65.0,andrew.wilson@company.com,113033.0,IT,2023-03-06,Detroit
Helen Ruiz,49.0,helen.ruiz@company.com,79147.0,Sales,2023-06-19,Indianapolis
Brenda Rogers,39.0,brenda.rogers@company.com,74270.0,Finance,2024-12-05,Portland
Diane Wood,60.0,diane.wood@company.com,93016.0,Marketing,2024-02-26,Tampa
Barbara Jones,48.0,barbara.jones@company.com,119852.0,HR,2024-01-21,Chicago
Shirley Taylor,58.0,shirley.taylor@company.com,49817.0,Engineering,2024-07-05,Atlanta
Frank Price,55.0,frank.price@company.com,90952.0,Sales,2024-07-11,Tampa
Edward Martin,64.0,edward.martin@company.com,43210.0,Finance,2023-03-15,Cleveland
Lisa Nguyen,63.0,lisa.nguyen@company.com,85284.0,IT,2023-08-22,Tampa
Amanda Reed,65.0,amanda.reed@company.com,56293.0,Sales,2024-02-14,Columbus
Debra Hill,39.0,debra.hill@company.com,40851.0,Sales,2023-04-27,Memphis
Debra Cook,34.0,debra.cook@company.com,76098.0,Customer Support,2023-10-30,Dallas
Anna Green,55.0,anna.green@company.com,67820.0,Marketing,2023-10-10,San Diego
Susan Patel,34.0,susan.patel@company.com,42656.0,IT,2023-04-21,Boston
Maria Hernandez,39.0,maria.hernandez@company.com,89516.0,Customer Support,2024-01-17,Tampa
Anna Williams,32.0,anna.williams@company.com,103370.0,Finance,2024-10-25,Columbus
John Clark,48.0,john.clark@company.com,91424.0,Marketing,2024-05-27,San Diego
  Gregory Watson  ,26.0,gregory.watson@company.com,75663.0,Operations,2024-03-28,Dallas
Diane Reed,25.0,diane.reed@company.com,69169.0,HR,2024-08-22,San Jose
William Edwards,60.0,william.edwards@company.com,50222.0,HR,2023-12-19,Philadelphia
Raymond Hernandez,44.0,raymond.hernandez@company.com,108363.0,Sales,2023-09-20,Detroit
Jennifer Hughes,29.0,jennifer.hughes@company.com,69971.0,Engineering,2023-04-23,San Jose
Edward Diaz,49.0,edward.diaz@company.com,115599.0,Marketing,2023-10-13,San Francisco
Jessica Morris,45.0,jessica.morris@company.com,78717.0,Engineering,2023-10-19,Pittsburgh
Eric Gomez,41.0,eric.gomez@company.com,57041.0,Sales,2024-09-29,Indianapolis
Daniel Miller,54.0,daniel.miller@company.com,98713.0,Marketing,2024-06-23,Chicago
  Dennis Parker  ,26.0,dennis.parker@company.com,41998.0,Sales,2023-07-18,Tampa
Barbara Gray,47.0,barbara.gray@company.com,38922.0,Finance,2023-01-13,Columbus
Carol Gonzalez,56.0,carol.gonzalez@company.com,42526.0,IT,2023-11-17,Nashville
Michael Ortiz,63.0,michael.ortiz@company.com,43860.0,Marketing,2023-01-05,Boston
Catherine Parker,55.0,catherine.parker@company.com,91239.0,Customer Support,2024-06-22,Houston
Deborah Gomez,33.0,deborah.gomez@company.com,49742.0,Finance,2024-02-11,Chicago
Matthew Morales,52.0,matthew.morales@company.com,39792.0,Operations,2023-11-02,Baltimore
Lisa Myers,44.0,lisa.myers@company.com,89198.0,Engineering,2024-07-06,Seattle
Linda Edwards,27.0,linda.edwards@company.com,110423.0,HR,2024-04-10,Baltimore
Christopher Morales,57.0,christopher.morales@company.com,87681.0,IT,2023-07-28,Tampa
Betty Stewart,51.0,betty.stewart@company.com,90850.0,Engineering,2023-09-22,Dallas
Joshua Gomez,39.0,joshua.gomez@company.com,82032.0,Sales,2024-08-15,Minneapolis
Melissa Reyes,49.0,melissa.reyes@company.com,59942.0,Marketing,2023-01-21,San Jose
Daniel Flores,22.0,daniel.flores@company.com,99656.0,Customer Support,2023-10-25,Columbus
Aaron Alvarez,50.0,aaron.alvarez@company.com,43472.0,IT,2023-09-15,New Orleans
Michelle Gutierrez,23.0,michelle.gutierrez@company.com,92471.0,Operations,2023-06-29,Memphis
Rachel Green,28.0,rachel.green@company.com,111989.0,Engineering,2024-05-28,Atlanta
Emma Collins,30.0,emma.collins@company.com,114806.0,Engineering,2023-02-11,Indianapolis
Michael Castillo,48.0,michael.castillo@company.com,84641.0,Sales,2023-08-04,Phoenix
Stephen Hill,44.0,stephen.hill@company.com,62538.0,Customer Support,2023-12-06,Philadelphia
Carolyn Hughes,25.0,carolyn.hughes@company.com,75588.0,IT,2024-06-26,New Orleans
Christine Thompson,55.0,christine.thompson@company.com,75478.0,Marketing,2024-01-16,Atlanta
Christine Young,61.0,christine.young@company.com,87570.0,Customer Support,2024-12-27,Cleveland
Anthony Young,42.0,anthony.young@company.com,54447.0,Sales,2023-01-12,New Orleans
Jack Collins,43.0,jack.collins@company.com,78565.0,HR,2023-07-18,Phoenix
Raymond Phillips,25.0,raymond.phillips@company.com,61701.0,IT,2024-09-02,Phoenix
Janet Rodriguez,27.0,janet.rodriguez@company.com,105573.0,Sales,2024-11-10,Denver
Karen Moore,61.0,karen.moore@company.com,52578.0,Finance,2024-03-07,San Francisco
Gary Gonzalez,58.0,gary.gonzalez@company.com,77573.0,Finance,2024-07-30,Pittsburgh
Maria Turner,28.0,maria.turner@company.com,79732.0,Operations,2024-10-08,New York
Michelle Campbell,40.0,michelle.campbell@company.com,43144.0,Finance,2024-12-29,Charlotte
Amanda Miller,32.0,amanda.miller@company.com,79655.0,IT,2024-09-18,Minneapolis
Pamela Thompson,55.0,pamela.thompson@company.com,84236.0,Engineering,2023-06-28,Cleveland
Christine Lopez,38.0,christine.lopez@company.com,75913.0,Sales,2023-04-08,Seattle
Alexander James,40.0,alexander.james@company.com,110273.0,Marketing,2024-04-16,Los Angeles
Ryan Robinson,47.0,ryan.robinson@company.com,68260.0,HR,2024-01-12,Phoenix
Kenneth Richardson,52.0,kenneth.richardson@company.com,89495.0,IT,2023-09-09,New Orleans
Katherine Wright,22.0,katherine.wright@company.com,114440.0,Marketing,2023-05-09,Detroit
Brenda Ward,29.0,brenda.ward@company.com,51121.0,IT,2024-03-23,Houston
Ruth Patel,28.0,ruth.patel@company.com,114535.0,HR,2024-12-25,San Jose
Deborah Young,52.0,deborah.young@company.com,51152.0,IT,2024-04-02,New York
Karen Wood,57.0,karen.wood@company.com,58368.0,Engineering,2024-09-17,Philadelphia
Karen Wilson,58.0,karen.wilson@company.com,42615.0,Operations,2023-02-23,San Francisco
Brandon Hill,56.0,brandon.hill@company.com,109599.0,Customer Support,2024-10-30,San Jose
Catherine Diaz,44.0,catherine.diaz@company.com,117198.0,Finance,2024-01-07,Indianapolis
Sarah Gutierrez,52.0,sarah.gutierrez@company.com,70770.0,Customer Support,2024-01-27,New York
Richard James,40.0,richard.james@company.com,99337.0,Sales,2024-10-20,Boston
Emily Brooks,44.0,emily.brooks@company.com,113638.0,Engineering,2024-08-08,Detroit
Susan Robinson,57.0,susan.robinson@company.com,73597.0,HR,2023-09-06,Houston
Rebecca Mitchell,42.0,rebecca.mitchell@company.com,50197.0,Engineering,2024-02-14,Tampa
Heather Gomez,47.0,heather.gomez@company.com,76554.0,Operations,2023-09-15,Baltimore
Justin Sanchez,27.0,justin.sanchez@company.com,104214.0,Engineering,2023-02-23,Chicago
Nancy Evans,58.0,nancy.evans@company.com,59152.0,HR,2023-10-01,San Antonio
Edward Baker,42.0,edward.baker@company.com,114252.0,Operations,2023-10-09,Dallas
Sandra Hill,55.0,sandra.hill@company.com,108660.0,Customer Support,2024-12-29,Phoenix
Mark Walker,42.0,mark.walker@company.com,72361.0,IT,2024-11-09,Fort Worth
Steven Miller,26.0,steven.miller@company.com,104727.0,Finance,2024-07-27,Chicago
Raymond Anderson,35.0,raymond.anderson@company.com,115261.0,Operations,2023-03-25,San Diego
  Janet Scott  ,49.0,janet.scott@company.com,43900.0,Finance,2024-03-02,Memphis
Andrew Cooper,54.0,andrew.cooper@company.com,76236.0,Operations,2024-12-25,Los Angeles
  Justin Allen  ,36.0,justin.allen@company.com,73625.0,Customer Support,2024-01-01,Charlotte
Karen Moore,42.0,karen.moore@company.com,68398.0,HR,2024-03-23,Indianapolis
Robert Sanders,55.0,robert.sanders@company.com,95527.0,Finance,2023-08-12,New Orleans
Carolyn Parker,48.0,carolyn.parker@company.com,55745.0,Finance,2023-04-03,Chicago
Kevin Lopez,25.0,kevin.lopez@company.com,46247.0,HR,2023-10-31,Miami
Diane Alvarez,43.0,diane.alvarez@company.com,63097.0,Finance,2024-09-06,Memphis
Scott Reyes,44.0,scott.reyes@company.com,83051.0,Customer Support,2024-08-02,Cleveland
Kathleen Harris,30.0,kathleen.harris@company.com,85416.0,IT,2023-09-08,Pittsburgh
David Scott,51.0,david.scott@company.com,69767.0,Marketing,2024-07-14,Austin
Gregory Hernandez,60.0,gregory.hernandez@company.com,72601.0,Sales,2024-01-04,San Francisco
  William Morris  ,63.0,william.morris@company.com,55037.0,Sales,2023-11-22,Los Angeles
Patrick Edwards,49.0,patrick.edwards@company.com,70413.0,Operations,2023-04-08,San Francisco
  Christopher Myers  ,23.0,christopher.myers@company.com,117432.0,HR,2024-10-05,Memphis
Shirley Patel,53.0,shirley.patel@company.com,42564.0,Marketing,2023-08-06,Miami
Matthew White,23.0,matthew.white@company.com,77081.0,IT,2023-04-12,Denver
Jerry Mitchell,63.0,jerry.mitchell@company.com,48237.0,IT,2024-04-12,Memphis
Shirley Murphy,60.0,shirley.murphy@company.com,111843.0,IT,2024-06-23,Atlanta
Gary Gutierrez,30.0,gary.gutierrez@company.com,78859.0,Customer Support,2024-01-31,Los Angeles
David Ramirez,63.0,david.ramirez@company.com,58290.0,HR,2024-02-24,Portland
Patrick Gomez,35.0,patrick.gomez@company.com,59495.0,Sales,2024-08-09,Baltimore
James Robinson,52.0,james.robinson@company.com,42021.0,HR,2023-09-13,Minneapolis
Michael Anderson,44.0,michael.anderson@company.com,95065.0,Finance,2023-01-02,Tampa
Alexander Baker,26.0,alexander.baker@company.com,36225.0,Finance,2023-07-04,San Jose
Ruth Reyes,47.0,ruth.reyes@company.com,36688.0,HR,2024-03-17,Denver
Dennis Martinez,52.0,dennis.martinez@company.com,69640.0,HR,2024-08-28,Boston
Tyler Reyes,46.0,tyler.reyes@company.com,69371.0,Customer Support,2023-11-16,Jacksonville
  Amy Hernandez  ,28.0,amy.hernandez@company.com,70070.0,Finance,2024-03-14,Nashville
Angela Wright,64.0,angela.wright@company.com,52293.0,Operations,2023-03-10,San Diego
Frank Parker,43.0,frank.parker@company.com,99130.0,Marketing,2023-04-01,Minneapolis
James Hill,22.0,james.hill@company.com,68283.0,Engineering,2024-01-09,Philadelphia
Karen Sanders,53.0,karen.sanders@company.com,117718.0,HR,2023-03-17,Nashville
Karen Carter,60.0,karen.carter@company.com,73822.0,Sales,2023-06-21,San Francisco
James Hernandez,34.0,james.hernandez@company.com,93484.0,Engineering,2024-06-19,Seattle
John Rogers,57.0,john.rogers@company.com,106743.0,IT,2023-03-10,Detroit
Rachel Castillo,40.0,rachel.castillo@company.com,93731.0,Engineering,2023-12-20,Philadelphia
Nicholas Rivera,30.0,nicholas.rivera@company.com,118057.0,Finance,2023-12-28,Los Angeles
David Brooks,57.0,david.brooks@company.com,54296.0,Customer Support,2024-09-17,Columbus
Rachel Ward,60.0,rachel.ward@company.com,97164.0,Marketing,2023-05-24,San Antonio
Michelle Torres,25.0,michelle.torres@company.com,80370.0,Operations,2023-05-15,San Diego
Samuel Smith,43.0,samuel.smith@company.com,108361.0,HR,2023-01-02,San Antonio
Michelle Evans,35.0,michelle.evans@company.com,87725.0,Sales,2024-01-17,Boston
  Kathleen Campbell  ,46.0,kathleen.campbell@company.com,57875.0,Operations,2024-04-17,Indianapolis
Nancy Miller,44.0,nancy.miller@company.com,109209.0,Marketing,2024-05-03,Chicago
Carol Stewart,53.0,carol.stewart@company.com,75562.0,Operations,2023-07-10,Indianapolis
Elizabeth Robinson,44.0,elizabeth.robinson@company.com,66825.0,Finance,2024-09-03,San Jose
Patrick Carter,34.0,patrick.carter@company.com,54928.0,IT,2024-09-10,Memphis
Michael Bennett,51.0,michael.bennett@company.com,83206.0,IT,2023-08-03,San Jose
Scott Campbell,36.0,scott.campbell@company.com,102635.0,HR,2023-06-17,Columbus
Frank Bailey,40.0,frank.bailey@company.com,95441.0,HR,2024-07-18,Dallas
Shirley Moore,28.0,shirley.moore@company.com,52914.0,Customer Support,2024-06-22,Memphis
Gregory Gomez,25.0,gregory.gomez@company.com,88923.0,Sales,2024-12-13,Pittsburgh
Rebecca Thompson,47.0,rebecca.thompson@company.com,60758.0,Sales,2024-09-11,New York
Pamela Thomas,53.0,pamela.thomas@company.com,37749.0,Marketing,2023-04-03,Nashville
Katherine Rivera,61.0,katherine.rivera@company.com,35828.0,Customer Support,2023-12-31,Pittsburgh
  Eric Wright  ,51.0,eric.wright@company.com,62702.0,Customer Support,2024-09-27,Los Angeles
Patricia Ramos,64.0,patricia.ramos@company.com,77950.0,Sales,2024-04-15,Fort Worth
Joseph Bennett,38.0,joseph.bennett@company.com,92795.0,HR,2024-12-07,Charlotte
Ashley Watson,55.0,ashley.watson@company.com,59573.0,Customer Support,2023-10-02,Fort Worth
Gregory Brown,62.0,gregory.brown@company.com,41851.0,Customer Support,2024-10-19,Dallas
Jessica Thompson,36.0,jessica.thompson@company.com,108633.0,HR,2024-10-15,Minneapolis
Andrew Richardson,36.0,andrew.richardson@company.com,81545.0,Sales,2024-11-02,Detroit
Matthew White,46.0,matthew.white@company.com,47783.0,Marketing,2024-05-02,Charlotte
Nancy Rodriguez,62.0,nancy.rodriguez@company.com,93021.0,Finance,2024-05-03,Baltimore
Samuel Hill,60.0,samuel.hill@company.com,45602.0,HR,2023-10-23,Indianapolis
Richard Murphy,29.0,richard.murphy@company.com,116127.0,Sales,2023-01-23,Jacksonville
Brian Hernandez,35.0,brian.hernandez@company.com,91087.0,Customer Support,2024-01-16,New Orleans
Linda Hernandez,39.0,linda.hernandez@company.com,104257.0,HR,2024-09-29,Austin
Diane Watson,64.0,diane.watson@company.com,78067.0,Customer Support,2023-02-24,San Diego
Joshua Hernandez,63.0,joshua.hernandez@company.com,43156.0,HR,2023-12-31,Miami
  Karen Alvarez  ,27.0,karen.alvarez@company.com,102884.0,HR,2023-07-02,Nashville
Barbara Clark,47.0,barbara.clark@company.com,76376.0,Customer Support,2023-07-06,Phoenix
Debra Torres,62.0,debra.torres@company.com,113772.0,Operations,2024-02-21,San Antonio
Sandra Walker,43.0,sandra.walker@company.com,57726.0,Finance,2024-03-27,Denver
Frank Robinson,47.0,frank.robinson@company.com,50449.0,IT,2024-03-27,Memphis
Patrick King,63.0,patrick.king@company.com,92305.0,IT,2024-04-15,Boston
David Roberts,43.0,david.roberts@company.com,84023.0,Finance,2024-06-28,Portland
Joshua Morris,28.0,joshua.morris@company.com,59830.0,Engineering,2024-04-20,Portland
Larry Garcia,41.0,larry.garcia@company.com,59601.0,HR,2023-12-02,Jacksonville
Maria Stewart,43.0,maria.stewart@company.com,59570.0,HR,2023-09-06,Charlotte
Sarah Castillo,59.0,sarah.castillo@company.com,104114.0,Engineering,2024-09-20,Portland
David Robinson,63.0,david.robinson@company.com,115751.0,Engineering,2024-11-07,Indianapolis
Diane Howard,65.0,diane.howard@company.com,64990.0,Engineering,2024-11-13,San Antonio
Paul Brown,59.0,paul.brown@company.com,82803.0,Finance,2023-10-11,Memphis
Robert Roberts,49.0,robert.roberts@company.com,48098.0,Sales,2023-11-06,Denver
Sarah Diaz,32.0,sarah.diaz@company.com,71014.0,Finance,2023-09-21,Atlanta
Rachel Reyes,42.0,rachel.reyes@company.com,91332.0,Customer Support,2023-07-05,Minneapolis
Aaron Stewart,53.0,aaron.stewart@company.com,88356.0,Sales,2024-09-27,Nashville
Alexander Cook,22.0,alexander.cook@company.com,93706.0,Marketing,2024-10-14,Fort Worth
Raymond Torres,32.0,raymond.torres@company.com,54606.0,HR,2023-03-08,Charlotte
Rebecca Gomez,25.0,rebecca.gomez@company.com,64572.0,Operations,2023-05-12,San Francisco
  Ruth Mitchell  ,63.0,ruth.mitchell@company.com,115883.0,IT,2024-01-30,Los Angeles
Carol Cruz,40.0,carol.cruz@company.com,70425.0,HR,2024-10-11,Austin
Michael Robinson,60.0,michael.robinson@company.com,104572.0,Customer Support,2023-10-06,San Diego
Katherine Cooper,44.0,katherine.cooper@company.com,92163.0,Sales,2023-11-17,San Jose
Susan Roberts,40.0,susan.roberts@company.com,117683.0,Finance,2023-10-09,Los Angeles
Sandra Myers,60.0,sandra.myers@company.com,39596.0,Marketing,2024-09-06,Nashville
Sharon Reed,29.0,sharon.reed@company.com,104798.0,Customer Support,2024-12-03,Memphis
Richard Evans,34.0,richard.evans@company.com,42908.0,Finance,2024-09-15,Phoenix
Thomas Myers,37.0,thomas.myers@company.com,83774.0,Sales,2024-08-16,Baltimore
  Gary Martin  ,27.0,gary.martin@company.com,105782.0,IT,2024-09-16,Charlotte
  Michael Mendoza  ,44.0,michael.mendoza@company.com,96431.0,Customer Support,2024-04-18,Baltimore
Charles Howard,60.0,charles.howard@company.com,37456.0,Operations,2023-03-10,Baltimore
Jessica Ramos,41.0,jessica.ramos@company.com,68696.0,HR,2024-12-23,Detroit
  Joseph Murphy  ,35.0,joseph.murphy@company.com,99211.0,Operations,2023-07-22,Miami
Betty Kelly,31.0,betty.kelly@company.com,44704.0,Marketing,2024-08-28,Fort Worth
Thomas Morgan,56.0,thomas.morgan@company.com,91605.0,IT,2024-09-25,New Orleans
Anthony Baker,50.0,anthony.baker@company.com,62843.0,HR,2024-03-04,San Antonio
Melissa James,27.0,melissa.james@company.com,79574.0,Finance,2024-06-02,Miami
Sharon Sanders,44.0,sharon.sanders@company.com,39575.0,Sales,2024-02-11,Tampa
Jerry King,45.0,jerry.king@company.com,45231.0,Marketing,2023-11-15,San Antonio
Larry Ramos,38.0,larry.ramos@company.com,83820.0,HR,2024-09-30,Fort Worth
Amanda Myers,34.0,amanda.myers@company.com,103318.0,Customer Support,2023-02-23,San Antonio
Jerry Myers,55.0,jerry.myers@company.com,47349.0,Marketing,2023-03-04,Indianapolis
Sandra Sanchez,24.0,sandra.sanchez@company.com,62616.0,Finance,2023-07-26,Atlanta
Rebecca Edwards,42.0,rebecca.edwards@company.com,75375.0,Marketing,2024-10-07,Los Angeles
Jason Richardson,38.0,jason.richardson@company.com,51287.0,Operations,2024-02-07,Miami
Christine Young,61.0,christine.young@company.com,87570.0,Customer Support,2024-12-27,Cleveland
Pamela Rodriguez,26.0,pamela.rodriguez@company.com,91973.0,IT,2024-09-20,Philadelphia
Alexander Patel,58.0,alexander.patel@company.com,37063.0,Customer Support,2024-11-04,Seattle
Angela Howard,51.0,angela.howard@company.com,111194.0,Marketing,2024-08-05,San Diego
Kevin Phillips,28.0,kevin.phillips@company.com,116441.0,Sales,2024-01-14,Los Angeles
Frank Peterson,42.0,frank.peterson@company.com,62500.0,HR,2024-03-24,Pittsburgh
Katherine Reed,49.0,katherine.reed@company.com,101886.0,Customer Support,2023-06-15,Tampa
  Dennis Martinez  ,37.0,dennis.martinez@company.com,37949.0,Operations,2024-01-20,Boston
Carolyn Rodriguez,26.0,carolyn.rodriguez@company.com,40818.0,Finance,2024-01-21,New York
Dorothy Cooper,32.0,dorothy.cooper@company.com,103486.0,Operations,2023-09-21,New Orleans
Scott Lewis,38.0,scott.lewis@company.com,78480.0,IT,2024-12-02,Chicago
Donald Price,54.0,donald.price@company.com,43543.0,IT,2023-03-10,Atlanta
Deborah Wood,65.0,deborah.wood@company.com,49587.0,Sales,2024-11-23,Baltimore
  Pamela Myers  ,47.0,pamela.myers@company.com,57028.0,Operations,2023-11-06,Phoenix
James Morgan,46.0,james.morgan@company.com,65029.0,IT,2024-10-05,Philadelphia
Laura Ramos,41.0,laura.ramos@company.com,70316.0,Engineering,2023-03-22,Minneapolis
Brenda Chavez,53.0,brenda.chavez@company.com,117328.0,Marketing,2023-06-27,Nashville
,,,,,,
Catherine Gomez,47.0,catherine.gomez@company.com,74497.0,Engineering,2023-06-26,Austin
Rebecca Thompson,53.0,rebecca.thompson@company.com,78767.0,Marketing,2023-11-20,Indianapolis
Lisa Myers,37.0,lisa.myers@company.com,81549.0,Sales,2024-05-18,Philadelphia
Brandon Nguyen,23.0,brandon.nguyen@company.com,76051.0,Customer Support,2024-08-26,Nashville
Benjamin Campbell,45.0,benjamin.campbell@company.com,42422.0,IT,2023-01-26,Dallas
James Kim,49.0,james.kim@company.com,47266.0,Engineering,2023-02-02,Boston
Dorothy Watson,59.0,dorothy.watson@company.com,113957.0,Engineering,2024-03-17,Pittsburgh
Katherine Price,28.0,katherine.price@company.com,54519.0,Engineering,2023-07-06,Memphis
  Diane King  ,25.0,diane.king@company.com,59749.0,Finance,2023-12-21,Seattle
Richard Collins,44.0,richard.collins@company.com,57394.0,Operations,2024-07-06,Cleveland
Nicholas Brooks,34.0,nicholas.brooks@company.com,71983.0,IT,2024-06-27,Phoenix
Charles Kelly,58.0,charles.kelly@company.com,40351.0,HR,2023-03-13,Austin
James Richardson,57.0,james.richardson@company.com,46635.0,Operations,2023-03-27,Denver
Dorothy Green,48.0,dorothy.green@company.com,70912.0,Sales,2023-05-08,Tampa
Linda Adams,40.0,linda.adams@company.com,86522.0,Engineering,2024-08-28,Indianapolis
Jessica Gray,43.0,jessica.gray@company.com,50726.0,Marketing,2024-09-28,San Francisco
Betty Watson,56.0,betty.watson@company.com,64581.0,Engineering,2023-04-08,Columbus
Anna Baker,39.0,anna.baker@company.com,66153.0,Finance,2024-10-24,Los Angeles
Kathleen Campbell,39.0,kathleen.campbell@company.com,82228.0,Marketing,2023-07-22,Houston
Susan Lee,45.0,susan.lee@company.com,57419.0,Operations,2023-05-24,San Francisco
Nicholas Kim,46.0,nicholas.kim@company.com,38060.0,HR,2023-01-29,Columbus
Dennis Edwards,34.0,dennis.edwards@company.com,93794.0,HR,2023-02-19,Portland
Raymond Brown,37.0,raymond.brown@company.com,61690.0,HR,2023-10-03,Cleveland
  Timothy Robinson  ,45.0,timothy.robinson@company.com,39473.0,HR,2024-05-13,Denver
Dorothy King,29.0,dorothy.king@company.com,95583.0,Finance,2024-06-25,Fort Worth
Thomas Campbell,35.0,thomas.campbell@company.com,105529.0,IT,2023-01-13,Detroit
Edward Nguyen,65.0,edward.nguyen@company.com,54348.0,IT,2023-08-20,Minneapolis
Tyler Davis,62.0,tyler.davis@company.com,116844.0,Operations,2023-02-01,San Antonio
William Rodriguez,57.0,william.rodriguez@company.com,95815.0,Engineering,2023-01-14,San Antonio
Joshua Stewart,37.0,joshua.stewart@company.com,59089.0,Operations,2024-03-02,Boston
Janet Lee,47.0,janet.lee@company.com,106884.0,Finance,2024-11-06,Phoenix
Anna Mitchell,29.0,anna.mitchell@company.com,55372.0,Customer Support,2023-07-03,San Antonio
Samuel Howard,60.0,samuel.howard@company.com,37970.0,Finance,2023-02-25,Pittsburgh
Dennis Reed,59.0,dennis.reed@company.com,107858.0,Engineering,2023-10-19,San Diego
Jack Mitchell,26.0,jack.mitchell@company.com,48687.0,IT,2023-08-18,Columbus
Paul Johnson,44.0,paul.johnson@company.com,41402.0,HR,2024-02-01,Indianapolis
Thomas Davis,51.0,thomas.davis@company.com,71742.0,Marketing,2023-05-14,San Antonio
Jessica Garcia,24.0,jessica.garcia@company.com,114399.0,IT,2023-02-04,New York
Karen Kelly,62.0,karen.kelly@company.com,75454.0,Marketing,2024-01-27,Nashville
Barbara Ramirez,61.0,barbara.ramirez@company.com,72168.0,Engineering,2023-01-31,Boston
Joshua Lewis,48.0,joshua.lewis@company.com,75932.0,Engineering,2023-07-22,Fort Worth
Jerry Lee,40.0,jerry.lee@company.com,48673.0,Operations,2023-08-19,Portland
Jessica Phillips,49.0,jessica.phillips@company.com,79543.0,IT,2023-08-23,San Jose
Kathleen Rivera,33.0,kathleen.rivera@company.com,98398.0,Operations,2024-11-12,Philadelphia
Frank Edwards,43.0,frank.edwards@company.com,58830.0,Marketing,2024-02-27,Atlanta
Rachel Allen,56.0,rachel.allen@company.com,64592.0,Sales,2023-08-07,San Jose
Dennis Baker,29.0,dennis.baker@company.com,72377.0,Marketing,2023-08-07,Minneapolis
Emma Gonzalez,60.0,emma.gonzalez@company.com,109526.0,Finance,2024-03-05,Memphis
Ryan Thompson,59.0,ryan.thompson@company.com,51080.0,Finance,2024-03-10,Cleveland
Michael Adams,27.0,michael.adams@company.com,52203.0,Sales,2023-03-27,Fort Worth
Andrew Gomez,65.0,andrew.gomez@company.com,93308.0,Engineering,2024-01-12,Tampa
Andrew Evans,28.0,andrew.evans@company.com,98015.0,HR,2023-01-26,San Antonio
Richard Gonzalez,39.0,richard.gonzalez@company.com,93673.0,Sales,2023-11-30,Seattle
Daniel Baker,61.0,daniel.baker@company.com,82439.0,Customer Support,2024-06-06,Pittsburgh
Daniel Hernandez,32.0,daniel.hernandez@company.com,60702.0,Customer Support,2024-03-18,Cleveland
David Cruz,33.0,david.cruz@company.com,117894.0,Sales,2023-04-18,Columbus
Rebecca Jones,58.0,rebecca.jones@company.com,52846.0,Marketing,2023-02-18,Minneapolis
Michelle Adams,29.0,michelle.adams@company.com,68980.0,Operations,2024-06-15,Baltimore
Betty Brooks,25.0,betty.brooks@company.com,71063.0,Marketing,2023-08-05,Indianapolis
Stephen Hughes,30.0,stephen.hughes@company.com,64840.0,IT,2024-11-07,Nashville
Nancy Hall,49.0,nancy.hall@company.com,102864.0,Operations,2023-05-23,Baltimore
Anna Alvarez,44.0,anna.alvarez@company.com,70859.0,Finance,2024-04-04,Dallas
Emma Kim,61.0,emma.kim@company.com,38593.0,HR,2024-04-01,Los Angeles
Kevin Rivera,40.0,kevin.rivera@company.com,92524.0,IT,2023-11-06,Indianapolis
Jennifer Robinson,41.0,jennifer.robinson@company.com,77764.0,Finance,2024-09-30,Memphis
Emily Parker,29.0,emily.parker@company.com,102857.0,Customer Support,2024-07-01,Phoenix
Betty Patel,55.0,betty.patel@company.com,70007.0,Marketing,2024-09-08,Indianapolis
Laura Carter,58.0,laura.carter@company.com,98253.0,Operations,2024-08-03,Houston
Dennis Mendoza,61.0,dennis.mendoza@company.com,85424.0,Operations,2023-10-19,Dallas
,,,,,,
Ashley Gomez,41.0,ashley.gomez@company.com,93898.0,Sales,2023-11-24,New York
Paul Howard,24.0,paul.howard@company.com,113315.0,Marketing,2024-05-08,San Antonio
  Mary Price  ,29.0,mary.price@company.com,104725.0,Engineering,2024-12-20,Atlanta
Dorothy Hall,48.0,dorothy.hall@company.com,108207.0,HR,2023-10-05,Minneapolis
Shirley Taylor,48.0,shirley.taylor@company.com,54824.0,Operations,2024-08-30,Fort Worth
Jacob Allen,52.0,jacob.allen@company.com,42633.0,Finance,2024-02-07,San Jose
George Harris,34.0,george.harris@company.com,55122.0,IT,2024-09-26,Miami
Ruth Williams,31.0,ruth.williams@company.com,65947.0,Finance,2023-04-18,San Jose
Mark Cook,33.0,mark.cook@company.com,59009.0,Sales,2023-10-28,Memphis
Nicole Patel,63.0,nicole.patel@company.com,115231.0,Engineering,2023-12-30,San Antonio
,,,,,,
Helen James,36.0,helen.james@company.com,53678.0,Operations,2024-02-25,Miami
Jerry Ward,38.0,jerry.ward@company.com,80004.0,Operations,2024-10-30,Nashville
  Betty Williams  ,40.0,betty.williams@company.com,86930.0,Engineering,2023-01-30,Jacksonville
Laura Jackson,47.0,laura.jackson@company.com,106900.0,Operations,2023-09-29,Houston
Steven Jackson,33.0,steven.jackson@company.com,84589.0,IT,2024-01-14,Austin
Donna Phillips,48.0,donna.phillips@company.com,62655.0,IT,2023-12-09,Baltimore
Brandon Martin,47.0,brandon.martin@company.com,102979.0,Marketing,2023-12-04,Memphis
James Williams,52.0,james.williams@company.com,65796.0,Finance,2024-02-11,Nashville
Jessica Thomas,25.0,jessica.thomas@company.com,83550.0,Sales,2024-12-01,Charlotte
Gregory Lewis,43.0,gregory.lewis@company.com,41387.0,Operations,2023-09-16,Denver
Larry Alvarez,31.0,larry.alvarez@company.com,49614.0,Finance,2023-11-20,San Diego
